INSERT INTO OBJECTS (OBJECT_ID,PARENT_ID,OBJECT_TYPE_ID,NAME,DESCRIPTION,OBJECT_VERSION) VALUES (1,NULL,1,'Ivan Ivanovich Ivanov',NULL,1);
INSERT INTO OBJECTS (OBJECT_ID,PARENT_ID,OBJECT_TYPE_ID,NAME,DESCRIPTION,OBJECT_VERSION) VALUES (2,NULL,1,'Petr Petrovich Petrov',NULL,1);
INSERT INTO OBJECTS (OBJECT_ID,PARENT_ID,OBJECT_TYPE_ID,NAME,DESCRIPTION,OBJECT_VERSION) VALUES (3,NULL,1,'Admin Adminovich Adminov',NULL,1);

INSERT INTO OBJECTS (OBJECT_ID,PARENT_ID,OBJECT_TYPE_ID,NAME,DESCRIPTION,OBJECT_VERSION) VALUES (105,NULL,1,'Victor Ovechkin',NULL,1);
INSERT INTO OBJECTS (OBJECT_ID,PARENT_ID,OBJECT_TYPE_ID,NAME,DESCRIPTION,OBJECT_VERSION) VALUES (106,NULL,1,'Gennady Samsonov',NULL,1);
INSERT INTO OBJECTS (OBJECT_ID,PARENT_ID,OBJECT_TYPE_ID,NAME,DESCRIPTION,OBJECT_VERSION) VALUES (107,NULL,1,'Taras Strahov',NULL,1);
INSERT INTO OBJECTS (OBJECT_ID,PARENT_ID,OBJECT_TYPE_ID,NAME,DESCRIPTION,OBJECT_VERSION) VALUES (108,NULL,1,'Mikhail Egorov',NULL,1);


INSERT INTO ATTRIBUTES (ATTR_ID,OBJECT_ID,VALUE,DATE_VALUE,LIST_VALUE_ID) VALUES (1,1,'Ivanov',NULL,NULL);
INSERT INTO ATTRIBUTES (ATTR_ID,OBJECT_ID,VALUE,DATE_VALUE,LIST_VALUE_ID) VALUES (2,1,'Ivan',NULL,NULL);
INSERT INTO ATTRIBUTES (ATTR_ID,OBJECT_ID,VALUE,DATE_VALUE,LIST_VALUE_ID) VALUES (3,1,'ivanov@gmail.com',NULL,NULL);
INSERT INTO ATTRIBUTES (ATTR_ID,OBJECT_ID,VALUE,DATE_VALUE,LIST_VALUE_ID) VALUES (4,1,NULL,'30.03.1993',NULL);
INSERT INTO ATTRIBUTES (ATTR_ID,OBJECT_ID,VALUE,DATE_VALUE,LIST_VALUE_ID) VALUES (5,1,NULL,'30.04.2011',NULL);
INSERT INTO ATTRIBUTES (ATTR_ID,OBJECT_ID,VALUE,DATE_VALUE,LIST_VALUE_ID) VALUES (6,1,'09797979797',NULL,NULL);
INSERT INTO ATTRIBUTES (ATTR_ID,OBJECT_ID,VALUE,DATE_VALUE,LIST_VALUE_ID) VALUES (8,1,NULL,NULL,0);
INSERT INTO ATTRIBUTES (ATTR_ID,OBJECT_ID,VALUE,DATE_VALUE,LIST_VALUE_ID) VALUES (9,1,NULL,NULL,0);
INSERT INTO ATTRIBUTES (ATTR_ID,OBJECT_ID,VALUE,DATE_VALUE,LIST_VALUE_ID) VALUES (10,1,'ivanov',NULL,NULL);
INSERT INTO ATTRIBUTES (ATTR_ID,OBJECT_ID,VALUE,DATE_VALUE,LIST_VALUE_ID) VALUES (11,1,'a15f8b81a160b4eebe5c84e9e3b65c87b9b2f18e',NULL,NULL);
--ivan
INSERT INTO ATTRIBUTES (ATTR_ID,OBJECT_ID,VALUE,DATE_VALUE,LIST_VALUE_ID) VALUES (12,1,NULL,NULL,1);
INSERT INTO ATTRIBUTES (ATTR_ID,OBJECT_ID,VALUE,DATE_VALUE,LIST_VALUE_ID) VALUES (13,1,NULL,NULL,0);


INSERT INTO ATTRIBUTES (ATTR_ID,OBJECT_ID,VALUE,DATE_VALUE,LIST_VALUE_ID) VALUES (1,2,'Petrov',NULL,NULL);
INSERT INTO ATTRIBUTES (ATTR_ID,OBJECT_ID,VALUE,DATE_VALUE,LIST_VALUE_ID) VALUES (2,2,'Petr',NULL,NULL);
INSERT INTO ATTRIBUTES (ATTR_ID,OBJECT_ID,VALUE,DATE_VALUE,LIST_VALUE_ID) VALUES (3,2,'petrov@gmail.com',NULL,NULL);
INSERT INTO ATTRIBUTES (ATTR_ID,OBJECT_ID,VALUE,DATE_VALUE,LIST_VALUE_ID) VALUES (4,2,NULL,'30.03.1992',NULL);
INSERT INTO ATTRIBUTES (ATTR_ID,OBJECT_ID,VALUE,DATE_VALUE,LIST_VALUE_ID) VALUES (5,2,NULL,'30.04.2011',NULL);
INSERT INTO ATTRIBUTES (ATTR_ID,OBJECT_ID,VALUE,DATE_VALUE,LIST_VALUE_ID) VALUES (6,2,'09797979796',NULL,NULL);
INSERT INTO ATTRIBUTES (ATTR_ID,OBJECT_ID,VALUE,DATE_VALUE,LIST_VALUE_ID) VALUES (8,2,NULL,NULL,1);
INSERT INTO ATTRIBUTES (ATTR_ID,OBJECT_ID,VALUE,DATE_VALUE,LIST_VALUE_ID) VALUES (9,2,NULL,NULL,0);
INSERT INTO ATTRIBUTES (ATTR_ID,OBJECT_ID,VALUE,DATE_VALUE,LIST_VALUE_ID) VALUES (10,2,'petrov',NULL,NULL);
INSERT INTO ATTRIBUTES (ATTR_ID,OBJECT_ID,VALUE,DATE_VALUE,LIST_VALUE_ID) VALUES (11,2,'c327e92ea10f7773037429ba850de356a617881c',NULL,NULL);
--petr
INSERT INTO ATTRIBUTES (ATTR_ID,OBJECT_ID,VALUE,DATE_VALUE,LIST_VALUE_ID) VALUES (12,2,NULL,NULL,3);
INSERT INTO ATTRIBUTES (ATTR_ID,OBJECT_ID,VALUE,DATE_VALUE,LIST_VALUE_ID) VALUES (13,2,NULL,NULL,0);


INSERT INTO ATTRIBUTES (ATTR_ID,OBJECT_ID,VALUE,DATE_VALUE,LIST_VALUE_ID) VALUES (1,3,'Adminov',NULL,NULL);
INSERT INTO ATTRIBUTES (ATTR_ID,OBJECT_ID,VALUE,DATE_VALUE,LIST_VALUE_ID) VALUES (2,3,'Admin',NULL,NULL);
INSERT INTO ATTRIBUTES (ATTR_ID,OBJECT_ID,VALUE,DATE_VALUE,LIST_VALUE_ID) VALUES (3,3,'admin@gmail.com',NULL,NULL);
INSERT INTO ATTRIBUTES (ATTR_ID,OBJECT_ID,VALUE,DATE_VALUE,LIST_VALUE_ID) VALUES (4,3,NULL,'30.03.1991',NULL);
INSERT INTO ATTRIBUTES (ATTR_ID,OBJECT_ID,VALUE,DATE_VALUE,LIST_VALUE_ID) VALUES (5,3,NULL,'30.04.2011',NULL);
INSERT INTO ATTRIBUTES (ATTR_ID,OBJECT_ID,VALUE,DATE_VALUE,LIST_VALUE_ID) VALUES (6,3,'09797979795',NULL,NULL);
INSERT INTO ATTRIBUTES (ATTR_ID,OBJECT_ID,VALUE,DATE_VALUE,LIST_VALUE_ID) VALUES (8,3,NULL,NULL,2);
INSERT INTO ATTRIBUTES (ATTR_ID,OBJECT_ID,VALUE,DATE_VALUE,LIST_VALUE_ID) VALUES (9,3,NULL,NULL,0);
INSERT INTO ATTRIBUTES (ATTR_ID,OBJECT_ID,VALUE,DATE_VALUE,LIST_VALUE_ID) VALUES (10,3,'admin',NULL,NULL);
INSERT INTO ATTRIBUTES (ATTR_ID,OBJECT_ID,VALUE,DATE_VALUE,LIST_VALUE_ID) VALUES (11,3,'d033e22ae348aeb5660fc2140aec35850c4da997',NULL,NULL);
--admin
INSERT INTO ATTRIBUTES (ATTR_ID,OBJECT_ID,VALUE,DATE_VALUE,LIST_VALUE_ID) VALUES (12,3,NULL,NULL,0);
INSERT INTO ATTRIBUTES (ATTR_ID,OBJECT_ID,VALUE,DATE_VALUE,LIST_VALUE_ID) VALUES (13,3,NULL,NULL,0);

INSERT INTO ATTRIBUTES (ATTR_ID,OBJECT_ID,VALUE,DATE_VALUE,LIST_VALUE_ID) VALUES (1,105,'Ovechkin',NULL,NULL);
INSERT INTO ATTRIBUTES (ATTR_ID,OBJECT_ID,VALUE,DATE_VALUE,LIST_VALUE_ID) VALUES (2,105,'Victor',NULL,NULL);
INSERT INTO ATTRIBUTES (ATTR_ID,OBJECT_ID,VALUE,DATE_VALUE,LIST_VALUE_ID) VALUES (3,105,'ovechkin@gmail.com',NULL,NULL);
INSERT INTO ATTRIBUTES (ATTR_ID,OBJECT_ID,VALUE,DATE_VALUE,LIST_VALUE_ID) VALUES (4,105,NULL,'25.04.1992',NULL);
INSERT INTO ATTRIBUTES (ATTR_ID,OBJECT_ID,VALUE,DATE_VALUE,LIST_VALUE_ID) VALUES (5,105,NULL,'02.06.2011',NULL);
INSERT INTO ATTRIBUTES (ATTR_ID,OBJECT_ID,VALUE,DATE_VALUE,LIST_VALUE_ID) VALUES (6,105,'09797979794',NULL,NULL);
INSERT INTO ATTRIBUTES (ATTR_ID,OBJECT_ID,VALUE,DATE_VALUE,LIST_VALUE_ID) VALUES (8,105,NULL,NULL,0);
INSERT INTO ATTRIBUTES (ATTR_ID,OBJECT_ID,VALUE,DATE_VALUE,LIST_VALUE_ID) VALUES (9,105,NULL,NULL,0);
INSERT INTO ATTRIBUTES (ATTR_ID,OBJECT_ID,VALUE,DATE_VALUE,LIST_VALUE_ID) VALUES (10,105,'ovechkin',NULL,NULL);
INSERT INTO ATTRIBUTES (ATTR_ID,OBJECT_ID,VALUE,DATE_VALUE,LIST_VALUE_ID) VALUES (11,105,'26d652785ac43144b8dca3b61ca0e90a8040abc6',NULL,NULL);
--ovechkin
INSERT INTO ATTRIBUTES (ATTR_ID,OBJECT_ID,VALUE,DATE_VALUE,LIST_VALUE_ID) VALUES (12,105,NULL,NULL,1);
INSERT INTO ATTRIBUTES (ATTR_ID,OBJECT_ID,VALUE,DATE_VALUE,LIST_VALUE_ID) VALUES (13,105,NULL,NULL,0);

INSERT INTO ATTRIBUTES (ATTR_ID,OBJECT_ID,VALUE,DATE_VALUE,LIST_VALUE_ID) VALUES (1,106,'Samsonov',NULL,NULL);
INSERT INTO ATTRIBUTES (ATTR_ID,OBJECT_ID,VALUE,DATE_VALUE,LIST_VALUE_ID) VALUES (2,106,'Gennady',NULL,NULL);
INSERT INTO ATTRIBUTES (ATTR_ID,OBJECT_ID,VALUE,DATE_VALUE,LIST_VALUE_ID) VALUES (3,106,'samsonov@gmail.com',NULL,NULL);
INSERT INTO ATTRIBUTES (ATTR_ID,OBJECT_ID,VALUE,DATE_VALUE,LIST_VALUE_ID) VALUES (4,106,NULL,'06.05.1993',NULL);
INSERT INTO ATTRIBUTES (ATTR_ID,OBJECT_ID,VALUE,DATE_VALUE,LIST_VALUE_ID) VALUES (5,106,NULL,'11.05.2011',NULL);
INSERT INTO ATTRIBUTES (ATTR_ID,OBJECT_ID,VALUE,DATE_VALUE,LIST_VALUE_ID) VALUES (6,106,'09797979793',NULL,NULL);
INSERT INTO ATTRIBUTES (ATTR_ID,OBJECT_ID,VALUE,DATE_VALUE,LIST_VALUE_ID) VALUES (8,106,NULL,NULL,1);
INSERT INTO ATTRIBUTES (ATTR_ID,OBJECT_ID,VALUE,DATE_VALUE,LIST_VALUE_ID) VALUES (9,106,NULL,NULL,0);
INSERT INTO ATTRIBUTES (ATTR_ID,OBJECT_ID,VALUE,DATE_VALUE,LIST_VALUE_ID) VALUES (10,106,'samsonov',NULL,NULL);
INSERT INTO ATTRIBUTES (ATTR_ID,OBJECT_ID,VALUE,DATE_VALUE,LIST_VALUE_ID) VALUES (11,106,'7f27aa872e6aa974f29c37b471c8318ae5ba0440',NULL,NULL);
--samsonov
INSERT INTO ATTRIBUTES (ATTR_ID,OBJECT_ID,VALUE,DATE_VALUE,LIST_VALUE_ID) VALUES (12,106,NULL,NULL,2);
INSERT INTO ATTRIBUTES (ATTR_ID,OBJECT_ID,VALUE,DATE_VALUE,LIST_VALUE_ID) VALUES (13,106,NULL,NULL,0);

INSERT INTO ATTRIBUTES (ATTR_ID,OBJECT_ID,VALUE,DATE_VALUE,LIST_VALUE_ID) VALUES (1,107,'Strahov',NULL,NULL);
INSERT INTO ATTRIBUTES (ATTR_ID,OBJECT_ID,VALUE,DATE_VALUE,LIST_VALUE_ID) VALUES (2,107,'Taras',NULL,NULL);
INSERT INTO ATTRIBUTES (ATTR_ID,OBJECT_ID,VALUE,DATE_VALUE,LIST_VALUE_ID) VALUES (3,107,'strahov@gmail.com',NULL,NULL);
INSERT INTO ATTRIBUTES (ATTR_ID,OBJECT_ID,VALUE,DATE_VALUE,LIST_VALUE_ID) VALUES (4,107,NULL,'07.07.1994',NULL);
INSERT INTO ATTRIBUTES (ATTR_ID,OBJECT_ID,VALUE,DATE_VALUE,LIST_VALUE_ID) VALUES (5,107,NULL,'22.05.2011',NULL);
INSERT INTO ATTRIBUTES (ATTR_ID,OBJECT_ID,VALUE,DATE_VALUE,LIST_VALUE_ID) VALUES (6,107,'09797979792',NULL,NULL);
INSERT INTO ATTRIBUTES (ATTR_ID,OBJECT_ID,VALUE,DATE_VALUE,LIST_VALUE_ID) VALUES (8,107,NULL,NULL,0);
INSERT INTO ATTRIBUTES (ATTR_ID,OBJECT_ID,VALUE,DATE_VALUE,LIST_VALUE_ID) VALUES (9,107,NULL,NULL,0);
INSERT INTO ATTRIBUTES (ATTR_ID,OBJECT_ID,VALUE,DATE_VALUE,LIST_VALUE_ID) VALUES (10,107,'strahov',NULL,NULL);
INSERT INTO ATTRIBUTES (ATTR_ID,OBJECT_ID,VALUE,DATE_VALUE,LIST_VALUE_ID) VALUES (11,107,'14480a84ed8374576e491c25664ebd3a1dd5a849',NULL,NULL);
--strahov
INSERT INTO ATTRIBUTES (ATTR_ID,OBJECT_ID,VALUE,DATE_VALUE,LIST_VALUE_ID) VALUES (12,107,NULL,NULL,0);
INSERT INTO ATTRIBUTES (ATTR_ID,OBJECT_ID,VALUE,DATE_VALUE,LIST_VALUE_ID) VALUES (13,107,NULL,NULL,0);

INSERT INTO ATTRIBUTES (ATTR_ID,OBJECT_ID,VALUE,DATE_VALUE,LIST_VALUE_ID) VALUES (1,108,'Mikhail',NULL,NULL);
INSERT INTO ATTRIBUTES (ATTR_ID,OBJECT_ID,VALUE,DATE_VALUE,LIST_VALUE_ID) VALUES (2,108,'Egorov',NULL,NULL);
INSERT INTO ATTRIBUTES (ATTR_ID,OBJECT_ID,VALUE,DATE_VALUE,LIST_VALUE_ID) VALUES (3,108,'egorov@gmail.com',NULL,NULL);
INSERT INTO ATTRIBUTES (ATTR_ID,OBJECT_ID,VALUE,DATE_VALUE,LIST_VALUE_ID) VALUES (4,108,NULL,'07.09.1991',NULL);
INSERT INTO ATTRIBUTES (ATTR_ID,OBJECT_ID,VALUE,DATE_VALUE,LIST_VALUE_ID) VALUES (5,108,NULL,'24.05.2011',NULL);
INSERT INTO ATTRIBUTES (ATTR_ID,OBJECT_ID,VALUE,DATE_VALUE,LIST_VALUE_ID) VALUES (6,108,'09797979791',NULL,NULL);
INSERT INTO ATTRIBUTES (ATTR_ID,OBJECT_ID,VALUE,DATE_VALUE,LIST_VALUE_ID) VALUES (8,108,NULL,NULL,2);
INSERT INTO ATTRIBUTES (ATTR_ID,OBJECT_ID,VALUE,DATE_VALUE,LIST_VALUE_ID) VALUES (9,108,NULL,NULL,0);
INSERT INTO ATTRIBUTES (ATTR_ID,OBJECT_ID,VALUE,DATE_VALUE,LIST_VALUE_ID) VALUES (10,108,'egorov',NULL,NULL);
INSERT INTO ATTRIBUTES (ATTR_ID,OBJECT_ID,VALUE,DATE_VALUE,LIST_VALUE_ID) VALUES (11,108,'76e12b49652a9917e2ff0f26c445ef897add7b1d',NULL,NULL);
--egorov
INSERT INTO ATTRIBUTES (ATTR_ID,OBJECT_ID,VALUE,DATE_VALUE,LIST_VALUE_ID) VALUES (12,108,NULL,NULL,3);
INSERT INTO ATTRIBUTES (ATTR_ID,OBJECT_ID,VALUE,DATE_VALUE,LIST_VALUE_ID) VALUES (13,108,NULL,NULL,0);


INSERT INTO OBJECTS (OBJECT_ID,PARENT_ID,OBJECT_TYPE_ID,NAME,DESCRIPTION,OBJECT_VERSION) VALUES (4,NULL,2,'Project1',NULL,1);
INSERT INTO OBJECTS (OBJECT_ID,PARENT_ID,OBJECT_TYPE_ID,NAME,DESCRIPTION,OBJECT_VERSION) VALUES (5,NULL,2,'Project2',NULL,1);
INSERT INTO OBJECTS (OBJECT_ID,PARENT_ID,OBJECT_TYPE_ID,NAME,DESCRIPTION,OBJECT_VERSION) VALUES (200,NULL,2,'Project3',NULL,1);
INSERT INTO OBJECTS (OBJECT_ID,PARENT_ID,OBJECT_TYPE_ID,NAME,DESCRIPTION,OBJECT_VERSION) VALUES (201,NULL,2,'Project4',NULL,1);


INSERT INTO ATTRIBUTES (ATTR_ID,OBJECT_ID,VALUE,DATE_VALUE,LIST_VALUE_ID) VALUES (14,4,'PROJECT1',NULL,NULL);
INSERT INTO ATTRIBUTES (ATTR_ID,OBJECT_ID,VALUE,DATE_VALUE,LIST_VALUE_ID) VALUES (15,4,NULL,'12.12.2012',NULL);
INSERT INTO ATTRIBUTES (ATTR_ID,OBJECT_ID,VALUE,DATE_VALUE,LIST_VALUE_ID) VALUES (16,4,NULL,'12.12.2015',NULL);
INSERT INTO ATTRIBUTES (ATTR_ID,OBJECT_ID,VALUE,DATE_VALUE,LIST_VALUE_ID) VALUES (17,4,NULL,NULL,0);

INSERT INTO ATTRIBUTES (ATTR_ID,OBJECT_ID,VALUE,DATE_VALUE,LIST_VALUE_ID) VALUES (14,5,'PROJECT2',NULL,NULL);
INSERT INTO ATTRIBUTES (ATTR_ID,OBJECT_ID,VALUE,DATE_VALUE,LIST_VALUE_ID) VALUES (15,5,NULL,'11.12.2012',NULL);
INSERT INTO ATTRIBUTES (ATTR_ID,OBJECT_ID,VALUE,DATE_VALUE,LIST_VALUE_ID) VALUES (16,5,NULL,'11.12.2015',NULL);
INSERT INTO ATTRIBUTES (ATTR_ID,OBJECT_ID,VALUE,DATE_VALUE,LIST_VALUE_ID) VALUES (17,5,NULL,NULL,0);

INSERT INTO ATTRIBUTES (ATTR_ID,OBJECT_ID,VALUE,DATE_VALUE,LIST_VALUE_ID) VALUES (14,200,'PROJECT3',NULL,NULL);
INSERT INTO ATTRIBUTES (ATTR_ID,OBJECT_ID,VALUE,DATE_VALUE,LIST_VALUE_ID) VALUES (15,200,NULL,'02.02.2013',NULL);
INSERT INTO ATTRIBUTES (ATTR_ID,OBJECT_ID,VALUE,DATE_VALUE,LIST_VALUE_ID) VALUES (16,200,NULL,'20.10.2014',NULL);
INSERT INTO ATTRIBUTES (ATTR_ID,OBJECT_ID,VALUE,DATE_VALUE,LIST_VALUE_ID) VALUES (17,200,NULL,NULL,0);

INSERT INTO ATTRIBUTES (ATTR_ID,OBJECT_ID,VALUE,DATE_VALUE,LIST_VALUE_ID) VALUES (14,201,'PROJECT4',NULL,NULL);
INSERT INTO ATTRIBUTES (ATTR_ID,OBJECT_ID,VALUE,DATE_VALUE,LIST_VALUE_ID) VALUES (15,201,NULL,'02.04.2013',NULL);
INSERT INTO ATTRIBUTES (ATTR_ID,OBJECT_ID,VALUE,DATE_VALUE,LIST_VALUE_ID) VALUES (16,201,NULL,'23.10.2016',NULL);
INSERT INTO ATTRIBUTES (ATTR_ID,OBJECT_ID,VALUE,DATE_VALUE,LIST_VALUE_ID) VALUES (17,201,NULL,NULL,0);

INSERT INTO OBJREFERENCE (ATTR_ID,OBJECT_ID,REFERENCE) VALUES (18,4,1);
INSERT INTO OBJREFERENCE (ATTR_ID,OBJECT_ID,REFERENCE) VALUES (18,5,1);

INSERT INTO OBJREFERENCE (ATTR_ID,OBJECT_ID,REFERENCE) VALUES (19,4,2);
INSERT INTO OBJREFERENCE (ATTR_ID,OBJECT_ID,REFERENCE) VALUES (19,4,3);

INSERT INTO OBJREFERENCE (ATTR_ID,OBJECT_ID,REFERENCE) VALUES (18,200,105);
INSERT INTO OBJREFERENCE (ATTR_ID,OBJECT_ID,REFERENCE) VALUES (18,201,107);

INSERT INTO OBJREFERENCE (ATTR_ID,OBJECT_ID,REFERENCE) VALUES (19,200,106);
INSERT INTO OBJREFERENCE (ATTR_ID,OBJECT_ID,REFERENCE) VALUES (19,201,108);


INSERT INTO OBJECTS (OBJECT_ID,PARENT_ID,OBJECT_TYPE_ID,NAME,DESCRIPTION,OBJECT_VERSION) VALUES (6,NULL,3,'Task1',NULL,1);
INSERT INTO OBJECTS (OBJECT_ID,PARENT_ID,OBJECT_TYPE_ID,NAME,DESCRIPTION,OBJECT_VERSION) VALUES (7,NULL,3,'Task2',NULL,1);
INSERT INTO OBJECTS (OBJECT_ID,PARENT_ID,OBJECT_TYPE_ID,NAME,DESCRIPTION,OBJECT_VERSION) VALUES (300,NULL,3,'Task3',NULL,1);
INSERT INTO OBJECTS (OBJECT_ID,PARENT_ID,OBJECT_TYPE_ID,NAME,DESCRIPTION,OBJECT_VERSION) VALUES (301,NULL,3,'Task4',NULL,1);

INSERT INTO ATTRIBUTES (ATTR_ID,OBJECT_ID,VALUE,DATE_VALUE,LIST_VALUE_ID) VALUES (20,6,'TASK1',NULL,NULL);
INSERT INTO ATTRIBUTES (ATTR_ID,OBJECT_ID,VALUE,DATE_VALUE,LIST_VALUE_ID) VALUES (21,6,NULL,NULL,1);
INSERT INTO ATTRIBUTES (ATTR_ID,OBJECT_ID,VALUE,DATE_VALUE,LIST_VALUE_ID) VALUES (22,6,NULL,'12.12.2012',NULL);
INSERT INTO ATTRIBUTES (ATTR_ID,OBJECT_ID,VALUE,DATE_VALUE,LIST_VALUE_ID) VALUES (23,6,NULL,'13.12.2012',NULL);
INSERT INTO ATTRIBUTES (ATTR_ID,OBJECT_ID,VALUE,DATE_VALUE,LIST_VALUE_ID) VALUES (24,6,NULL,'13.12.2012',NULL);
INSERT INTO ATTRIBUTES (ATTR_ID,OBJECT_ID,VALUE,DATE_VALUE,LIST_VALUE_ID) VALUES (25,6,NULL,NULL,1);
INSERT INTO ATTRIBUTES (ATTR_ID,OBJECT_ID,VALUE,DATE_VALUE,LIST_VALUE_ID) VALUES (26,6,NULL,NULL,0);
INSERT INTO ATTRIBUTES (ATTR_ID,OBJECT_ID,VALUE,DATE_VALUE,LIST_VALUE_ID) VALUES (27,6,'Task1 description',NULL,NULL);
INSERT INTO ATTRIBUTES (ATTR_ID,OBJECT_ID,VALUE,DATE_VALUE,LIST_VALUE_ID) VALUES (28,6,'0',NULL,NULL);
INSERT INTO ATTRIBUTES (ATTR_ID,OBJECT_ID,VALUE,DATE_VALUE,LIST_VALUE_ID) VALUES (29,6,'Comment1',NULL,NULL);

INSERT INTO ATTRIBUTES (ATTR_ID,OBJECT_ID,VALUE,DATE_VALUE,LIST_VALUE_ID) VALUES (20,7,'TASK2',NULL,NULL);
INSERT INTO ATTRIBUTES (ATTR_ID,OBJECT_ID,VALUE,DATE_VALUE,LIST_VALUE_ID) VALUES (21,7,NULL,NULL,1);
INSERT INTO ATTRIBUTES (ATTR_ID,OBJECT_ID,VALUE,DATE_VALUE,LIST_VALUE_ID) VALUES (22,7,NULL,'12.12.2012',NULL);
INSERT INTO ATTRIBUTES (ATTR_ID,OBJECT_ID,VALUE,DATE_VALUE,LIST_VALUE_ID) VALUES (23,7,NULL,'13.12.2012',NULL);
INSERT INTO ATTRIBUTES (ATTR_ID,OBJECT_ID,VALUE,DATE_VALUE,LIST_VALUE_ID) VALUES (24,7,NULL,'13.12.2012',NULL);
INSERT INTO ATTRIBUTES (ATTR_ID,OBJECT_ID,VALUE,DATE_VALUE,LIST_VALUE_ID) VALUES (25,7,NULL,NULL,0);
INSERT INTO ATTRIBUTES (ATTR_ID,OBJECT_ID,VALUE,DATE_VALUE,LIST_VALUE_ID) VALUES (26,7,NULL,NULL,0);
INSERT INTO ATTRIBUTES (ATTR_ID,OBJECT_ID,VALUE,DATE_VALUE,LIST_VALUE_ID) VALUES (27,7,'Task2 description',NULL,NULL);
INSERT INTO ATTRIBUTES (ATTR_ID,OBJECT_ID,VALUE,DATE_VALUE,LIST_VALUE_ID) VALUES (28,7,'0',NULL,NULL);
INSERT INTO ATTRIBUTES (ATTR_ID,OBJECT_ID,VALUE,DATE_VALUE,LIST_VALUE_ID) VALUES (29,7,'Comment2',NULL,NULL);

INSERT INTO ATTRIBUTES (ATTR_ID,OBJECT_ID,VALUE,DATE_VALUE,LIST_VALUE_ID) VALUES (20,300,'TASK3',NULL,NULL);
INSERT INTO ATTRIBUTES (ATTR_ID,OBJECT_ID,VALUE,DATE_VALUE,LIST_VALUE_ID) VALUES (21,300,NULL,NULL,1);
INSERT INTO ATTRIBUTES (ATTR_ID,OBJECT_ID,VALUE,DATE_VALUE,LIST_VALUE_ID) VALUES (22,300,NULL,'04.02.2013',NULL);
INSERT INTO ATTRIBUTES (ATTR_ID,OBJECT_ID,VALUE,DATE_VALUE,LIST_VALUE_ID) VALUES (23,300,NULL,'19.02.2013',NULL);
INSERT INTO ATTRIBUTES (ATTR_ID,OBJECT_ID,VALUE,DATE_VALUE,LIST_VALUE_ID) VALUES (24,300,NULL,'16.02.2013',NULL);
INSERT INTO ATTRIBUTES (ATTR_ID,OBJECT_ID,VALUE,DATE_VALUE,LIST_VALUE_ID) VALUES (25,300,NULL,NULL,2);
INSERT INTO ATTRIBUTES (ATTR_ID,OBJECT_ID,VALUE,DATE_VALUE,LIST_VALUE_ID) VALUES (26,300,NULL,NULL,1);
INSERT INTO ATTRIBUTES (ATTR_ID,OBJECT_ID,VALUE,DATE_VALUE,LIST_VALUE_ID) VALUES (27,300,'Task3 description',NULL,NULL);
INSERT INTO ATTRIBUTES (ATTR_ID,OBJECT_ID,VALUE,DATE_VALUE,LIST_VALUE_ID) VALUES (28,300,'2',NULL,NULL);
INSERT INTO ATTRIBUTES (ATTR_ID,OBJECT_ID,VALUE,DATE_VALUE,LIST_VALUE_ID) VALUES (29,300,'Comment3',NULL,NULL);

INSERT INTO ATTRIBUTES (ATTR_ID,OBJECT_ID,VALUE,DATE_VALUE,LIST_VALUE_ID) VALUES (20,301,'TASK4',NULL,NULL);
INSERT INTO ATTRIBUTES (ATTR_ID,OBJECT_ID,VALUE,DATE_VALUE,LIST_VALUE_ID) VALUES (21,301,NULL,NULL,1);
INSERT INTO ATTRIBUTES (ATTR_ID,OBJECT_ID,VALUE,DATE_VALUE,LIST_VALUE_ID) VALUES (22,301,NULL,'06.04.2013',NULL);
INSERT INTO ATTRIBUTES (ATTR_ID,OBJECT_ID,VALUE,DATE_VALUE,LIST_VALUE_ID) VALUES (23,301,NULL,'20.04.2013',NULL);
INSERT INTO ATTRIBUTES (ATTR_ID,OBJECT_ID,VALUE,DATE_VALUE,LIST_VALUE_ID) VALUES (24,301,NULL,'22.04.2013',NULL);
INSERT INTO ATTRIBUTES (ATTR_ID,OBJECT_ID,VALUE,DATE_VALUE,LIST_VALUE_ID) VALUES (25,301,NULL,NULL,2);
INSERT INTO ATTRIBUTES (ATTR_ID,OBJECT_ID,VALUE,DATE_VALUE,LIST_VALUE_ID) VALUES (26,301,NULL,NULL,1);
INSERT INTO ATTRIBUTES (ATTR_ID,OBJECT_ID,VALUE,DATE_VALUE,LIST_VALUE_ID) VALUES (27,301,'Task4 description',NULL,NULL);
INSERT INTO ATTRIBUTES (ATTR_ID,OBJECT_ID,VALUE,DATE_VALUE,LIST_VALUE_ID) VALUES (28,301,'0',NULL,NULL);
INSERT INTO ATTRIBUTES (ATTR_ID,OBJECT_ID,VALUE,DATE_VALUE,LIST_VALUE_ID) VALUES (29,301,'Comment4',NULL,NULL);

INSERT INTO OBJREFERENCE (ATTR_ID,OBJECT_ID,REFERENCE) VALUES (30,6,1);
INSERT INTO OBJREFERENCE (ATTR_ID,OBJECT_ID,REFERENCE) VALUES (30,7,1);

INSERT INTO OBJREFERENCE (ATTR_ID,OBJECT_ID,REFERENCE) VALUES (31,6,2);
INSERT INTO OBJREFERENCE (ATTR_ID,OBJECT_ID,REFERENCE) VALUES (31,6,3);
INSERT INTO OBJREFERENCE (ATTR_ID,OBJECT_ID,REFERENCE) VALUES (31,7,2);

INSERT INTO OBJREFERENCE (ATTR_ID,OBJECT_ID,REFERENCE) VALUES (32,6,4);
INSERT INTO OBJREFERENCE (ATTR_ID,OBJECT_ID,REFERENCE) VALUES (32,7,4);

INSERT INTO OBJREFERENCE (ATTR_ID,OBJECT_ID,REFERENCE) VALUES (30,300,105);
INSERT INTO OBJREFERENCE (ATTR_ID,OBJECT_ID,REFERENCE) VALUES (30,301,107);

INSERT INTO OBJREFERENCE (ATTR_ID,OBJECT_ID,REFERENCE) VALUES (31,300,106);
INSERT INTO OBJREFERENCE (ATTR_ID,OBJECT_ID,REFERENCE) VALUES (31,301,108);

INSERT INTO OBJREFERENCE (ATTR_ID,OBJECT_ID,REFERENCE) VALUES (32,300,200);
INSERT INTO OBJREFERENCE (ATTR_ID,OBJECT_ID,REFERENCE) VALUES (32,301,201);


INSERT INTO OBJECTS (OBJECT_ID,PARENT_ID,OBJECT_TYPE_ID,NAME,DESCRIPTION,OBJECT_VERSION) VALUES (8,NULL,4,'BusinessTrip1',NULL,1);
INSERT INTO OBJECTS (OBJECT_ID,PARENT_ID,OBJECT_TYPE_ID,NAME,DESCRIPTION,OBJECT_VERSION) VALUES (9,NULL,4,'BusinessTrip2',NULL,1);

INSERT INTO ATTRIBUTES (ATTR_ID,OBJECT_ID,VALUE,DATE_VALUE,LIST_VALUE_ID) VALUES (33,8,'USA',NULL,NULL);
INSERT INTO ATTRIBUTES (ATTR_ID,OBJECT_ID,VALUE,DATE_VALUE,LIST_VALUE_ID) VALUES (34,8,NULL,'13.12.2012',NULL);
INSERT INTO ATTRIBUTES (ATTR_ID,OBJECT_ID,VALUE,DATE_VALUE,LIST_VALUE_ID) VALUES (35,8,NULL,'13.02.2013',NULL);
INSERT INTO ATTRIBUTES (ATTR_ID,OBJECT_ID,VALUE,DATE_VALUE,LIST_VALUE_ID) VALUES (36,8,NULL,NULL,0);

INSERT INTO ATTRIBUTES (ATTR_ID,OBJECT_ID,VALUE,DATE_VALUE,LIST_VALUE_ID) VALUES (33,9,'Switzerland',NULL,NULL);
INSERT INTO ATTRIBUTES (ATTR_ID,OBJECT_ID,VALUE,DATE_VALUE,LIST_VALUE_ID) VALUES (34,9,NULL,'13.12.2012',NULL);
INSERT INTO ATTRIBUTES (ATTR_ID,OBJECT_ID,VALUE,DATE_VALUE,LIST_VALUE_ID) VALUES (35,9,NULL,'13.02.2013',NULL);
INSERT INTO ATTRIBUTES (ATTR_ID,OBJECT_ID,VALUE,DATE_VALUE,LIST_VALUE_ID) VALUES (36,9,NULL,NULL,0);

INSERT INTO OBJREFERENCE (ATTR_ID,OBJECT_ID,REFERENCE) VALUES (37,8,2);
INSERT INTO OBJREFERENCE (ATTR_ID,OBJECT_ID,REFERENCE) VALUES (38,8,2);
INSERT INTO OBJREFERENCE (ATTR_ID,OBJECT_ID,REFERENCE) VALUES (39,8,4);
INSERT INTO OBJREFERENCE (ATTR_ID,OBJECT_ID,REFERENCE) VALUES (40,8,1);

INSERT INTO OBJREFERENCE (ATTR_ID,OBJECT_ID,REFERENCE) VALUES (37,9,3);
INSERT INTO OBJREFERENCE (ATTR_ID,OBJECT_ID,REFERENCE) VALUES (38,9,3);
INSERT INTO OBJREFERENCE (ATTR_ID,OBJECT_ID,REFERENCE) VALUES (39,9,4);
INSERT INTO OBJREFERENCE (ATTR_ID,OBJECT_ID,REFERENCE) VALUES (40,9,1);


INSERT INTO OBJECTS (OBJECT_ID,PARENT_ID,OBJECT_TYPE_ID,NAME,DESCRIPTION,OBJECT_VERSION) VALUES (10,NULL,5,'Vacation1',NULL,1);
INSERT INTO OBJECTS (OBJECT_ID,PARENT_ID,OBJECT_TYPE_ID,NAME,DESCRIPTION,OBJECT_VERSION) VALUES (11,NULL,5,'Vacation2',NULL,1);

INSERT INTO ATTRIBUTES (ATTR_ID,OBJECT_ID,VALUE,DATE_VALUE,LIST_VALUE_ID) VALUES (41,10,NULL,'17.12.2012',NULL);
INSERT INTO ATTRIBUTES (ATTR_ID,OBJECT_ID,VALUE,DATE_VALUE,LIST_VALUE_ID) VALUES (42,10,NULL,'27.12.2012',NULL);
INSERT INTO ATTRIBUTES (ATTR_ID,OBJECT_ID,VALUE,DATE_VALUE,LIST_VALUE_ID) VALUES (43,10,NULL,NULL,0);
INSERT INTO ATTRIBUTES (ATTR_ID,OBJECT_ID,VALUE,DATE_VALUE,LIST_VALUE_ID) VALUES (44,10,NULL,NULL,0);


INSERT INTO ATTRIBUTES (ATTR_ID,OBJECT_ID,VALUE,DATE_VALUE,LIST_VALUE_ID) VALUES (41,11,NULL,'18.12.2012',NULL);
INSERT INTO ATTRIBUTES (ATTR_ID,OBJECT_ID,VALUE,DATE_VALUE,LIST_VALUE_ID) VALUES (42,11,NULL,'27.12.2012',NULL);
INSERT INTO ATTRIBUTES (ATTR_ID,OBJECT_ID,VALUE,DATE_VALUE,LIST_VALUE_ID) VALUES (43,11,NULL,NULL,0);
INSERT INTO ATTRIBUTES (ATTR_ID,OBJECT_ID,VALUE,DATE_VALUE,LIST_VALUE_ID) VALUES (44,11,NULL,NULL,0);

INSERT INTO OBJREFERENCE (ATTR_ID,OBJECT_ID,REFERENCE) VALUES (45,10,2);
INSERT INTO OBJREFERENCE (ATTR_ID,OBJECT_ID,REFERENCE) VALUES (46,10,4);
INSERT INTO OBJREFERENCE (ATTR_ID,OBJECT_ID,REFERENCE) VALUES (47,10,1);
INSERT INTO OBJREFERENCE (ATTR_ID,OBJECT_ID,REFERENCE) VALUES (48,10,3);

INSERT INTO OBJREFERENCE (ATTR_ID,OBJECT_ID,REFERENCE) VALUES (45,11,3);
INSERT INTO OBJREFERENCE (ATTR_ID,OBJECT_ID,REFERENCE) VALUES (46,11,4);
INSERT INTO OBJREFERENCE (ATTR_ID,OBJECT_ID,REFERENCE) VALUES (47,11,1);
INSERT INTO OBJREFERENCE (ATTR_ID,OBJECT_ID,REFERENCE) VALUES (48,11,2);

INSERT INTO OBJECTS (OBJECT_ID,PARENT_ID,OBJECT_TYPE_ID,NAME,DESCRIPTION,OBJECT_VERSION) VALUES (12,NULL,6,'WorkingDay1',NULL,1);
INSERT INTO OBJECTS (OBJECT_ID,PARENT_ID,OBJECT_TYPE_ID,NAME,DESCRIPTION,OBJECT_VERSION) VALUES (13,NULL,6,'WorkingDay2',NULL,1);

INSERT INTO ATTRIBUTES (ATTR_ID,OBJECT_ID,VALUE,DATE_VALUE,LIST_VALUE_ID) VALUES (49,12,NULL,'14.12.2012',NULL);
INSERT INTO ATTRIBUTES (ATTR_ID,OBJECT_ID,VALUE,DATE_VALUE,LIST_VALUE_ID) VALUES (50,12,'48',NULL,NULL);
INSERT INTO ATTRIBUTES (ATTR_ID,OBJECT_ID,VALUE,DATE_VALUE,LIST_VALUE_ID) VALUES (51,12,'8',NULL,NULL);
INSERT INTO ATTRIBUTES (ATTR_ID,OBJECT_ID,VALUE,DATE_VALUE,LIST_VALUE_ID) VALUES (52,12,NULL,NULL,0);

INSERT INTO ATTRIBUTES (ATTR_ID,OBJECT_ID,VALUE,DATE_VALUE,LIST_VALUE_ID) VALUES (49,13,NULL,'12.12.2012',NULL);
INSERT INTO ATTRIBUTES (ATTR_ID,OBJECT_ID,VALUE,DATE_VALUE,LIST_VALUE_ID) VALUES (50,13,'5',NULL,NULL);
INSERT INTO ATTRIBUTES (ATTR_ID,OBJECT_ID,VALUE,DATE_VALUE,LIST_VALUE_ID) VALUES (51,13,'8',NULL,NULL);
INSERT INTO ATTRIBUTES (ATTR_ID,OBJECT_ID,VALUE,DATE_VALUE,LIST_VALUE_ID) VALUES (52,13,NULL,NULL,0);


INSERT INTO OBJREFERENCE (ATTR_ID,OBJECT_ID,REFERENCE) VALUES (53,12,2);
INSERT INTO OBJREFERENCE (ATTR_ID,OBJECT_ID,REFERENCE) VALUES (54,12,1);

INSERT INTO OBJREFERENCE (ATTR_ID,OBJECT_ID,REFERENCE) VALUES (53,13,3);
INSERT INTO OBJREFERENCE (ATTR_ID,OBJECT_ID,REFERENCE) VALUES (54,13,1);


INSERT INTO OBJECTS (OBJECT_ID,PARENT_ID,OBJECT_TYPE_ID,NAME,DESCRIPTION,OBJECT_VERSION) VALUES (14,NULL,7,'Sprint1',NULL,1);
INSERT INTO OBJECTS (OBJECT_ID,PARENT_ID,OBJECT_TYPE_ID,NAME,DESCRIPTION,OBJECT_VERSION) VALUES (15,NULL,7,'Sprint2',NULL,1);
INSERT INTO OBJECTS (OBJECT_ID,PARENT_ID,OBJECT_TYPE_ID,NAME,DESCRIPTION,OBJECT_VERSION) VALUES (500,NULL,7,'Sprint3',NULL,1);
INSERT INTO OBJECTS (OBJECT_ID,PARENT_ID,OBJECT_TYPE_ID,NAME,DESCRIPTION,OBJECT_VERSION) VALUES (501,NULL,7,'Sprint4',NULL,1);
INSERT INTO OBJECTS (OBJECT_ID,PARENT_ID,OBJECT_TYPE_ID,NAME,DESCRIPTION,OBJECT_VERSION) VALUES (502,NULL,7,'Sprint5',NULL,1);
INSERT INTO OBJECTS (OBJECT_ID,PARENT_ID,OBJECT_TYPE_ID,NAME,DESCRIPTION,OBJECT_VERSION) VALUES (503,NULL,7,'Sprint6',NULL,1);


INSERT INTO ATTRIBUTES (ATTR_ID,OBJECT_ID,VALUE,DATE_VALUE,LIST_VALUE_ID) VALUES (55,14,'SPRINT1',NULL,NULL);
INSERT INTO ATTRIBUTES (ATTR_ID,OBJECT_ID,VALUE,DATE_VALUE,LIST_VALUE_ID) VALUES (56,14,NULL,'14.12.2012',NULL);
INSERT INTO ATTRIBUTES (ATTR_ID,OBJECT_ID,VALUE,DATE_VALUE,LIST_VALUE_ID) VALUES (57,14,NULL,'25.12.2012',NULL);
INSERT INTO ATTRIBUTES (ATTR_ID,OBJECT_ID,VALUE,DATE_VALUE,LIST_VALUE_ID) VALUES (58,14,NULL,'26.12.2012',NULL);
INSERT INTO ATTRIBUTES (ATTR_ID,OBJECT_ID,VALUE,DATE_VALUE,LIST_VALUE_ID) VALUES (59,14,NULL,NULL,1);


INSERT INTO ATTRIBUTES (ATTR_ID,OBJECT_ID,VALUE,DATE_VALUE,LIST_VALUE_ID) VALUES (55,15,'SPRINT2',NULL,NULL);
INSERT INTO ATTRIBUTES (ATTR_ID,OBJECT_ID,VALUE,DATE_VALUE,LIST_VALUE_ID) VALUES (56,15,NULL,'14.12.2012',NULL);
INSERT INTO ATTRIBUTES (ATTR_ID,OBJECT_ID,VALUE,DATE_VALUE,LIST_VALUE_ID) VALUES (57,15,NULL,'25.12.2012',NULL);
INSERT INTO ATTRIBUTES (ATTR_ID,OBJECT_ID,VALUE,DATE_VALUE,LIST_VALUE_ID) VALUES (58,15,NULL,'26.12.2012',NULL);
INSERT INTO ATTRIBUTES (ATTR_ID,OBJECT_ID,VALUE,DATE_VALUE,LIST_VALUE_ID) VALUES (59,15,NULL,NULL,1);

INSERT INTO ATTRIBUTES (ATTR_ID,OBJECT_ID,VALUE,DATE_VALUE,LIST_VALUE_ID) VALUES (55,500,'SPRINT1_1',NULL,NULL);
INSERT INTO ATTRIBUTES (ATTR_ID,OBJECT_ID,VALUE,DATE_VALUE,LIST_VALUE_ID) VALUES (56,500,NULL,'02.02.2013',NULL);
INSERT INTO ATTRIBUTES (ATTR_ID,OBJECT_ID,VALUE,DATE_VALUE,LIST_VALUE_ID) VALUES (57,500,NULL,'22.03.2013',NULL);
INSERT INTO ATTRIBUTES (ATTR_ID,OBJECT_ID,VALUE,DATE_VALUE,LIST_VALUE_ID) VALUES (58,500,NULL,'24.03.2013',NULL);
INSERT INTO ATTRIBUTES (ATTR_ID,OBJECT_ID,VALUE,DATE_VALUE,LIST_VALUE_ID) VALUES (59,500,NULL,NULL,1);

INSERT INTO ATTRIBUTES (ATTR_ID,OBJECT_ID,VALUE,DATE_VALUE,LIST_VALUE_ID) VALUES (55,501,'SPRINT1_2',NULL,NULL);
INSERT INTO ATTRIBUTES (ATTR_ID,OBJECT_ID,VALUE,DATE_VALUE,LIST_VALUE_ID) VALUES (56,501,NULL,'25.03.2013',NULL);
INSERT INTO ATTRIBUTES (ATTR_ID,OBJECT_ID,VALUE,DATE_VALUE,LIST_VALUE_ID) VALUES (57,501,NULL,'04.05.2013',NULL);
INSERT INTO ATTRIBUTES (ATTR_ID,OBJECT_ID,VALUE,DATE_VALUE,LIST_VALUE_ID) VALUES (58,501,NULL,'15.05.2013',NULL);
INSERT INTO ATTRIBUTES (ATTR_ID,OBJECT_ID,VALUE,DATE_VALUE,LIST_VALUE_ID) VALUES (59,501,NULL,NULL,1);

INSERT INTO ATTRIBUTES (ATTR_ID,OBJECT_ID,VALUE,DATE_VALUE,LIST_VALUE_ID) VALUES (55,502,'SPRINT2_1',NULL,NULL);
INSERT INTO ATTRIBUTES (ATTR_ID,OBJECT_ID,VALUE,DATE_VALUE,LIST_VALUE_ID) VALUES (56,502,NULL,'03.04.2013',NULL);
INSERT INTO ATTRIBUTES (ATTR_ID,OBJECT_ID,VALUE,DATE_VALUE,LIST_VALUE_ID) VALUES (57,502,NULL,'20.04.2013',NULL);
INSERT INTO ATTRIBUTES (ATTR_ID,OBJECT_ID,VALUE,DATE_VALUE,LIST_VALUE_ID) VALUES (58,502,NULL,'24.04.2013',NULL);
INSERT INTO ATTRIBUTES (ATTR_ID,OBJECT_ID,VALUE,DATE_VALUE,LIST_VALUE_ID) VALUES (59,502,NULL,NULL,1);

INSERT INTO ATTRIBUTES (ATTR_ID,OBJECT_ID,VALUE,DATE_VALUE,LIST_VALUE_ID) VALUES (55,503,'SPRINT2_2',NULL,NULL);
INSERT INTO ATTRIBUTES (ATTR_ID,OBJECT_ID,VALUE,DATE_VALUE,LIST_VALUE_ID) VALUES (56,503,NULL,'23.04.2013',NULL);
INSERT INTO ATTRIBUTES (ATTR_ID,OBJECT_ID,VALUE,DATE_VALUE,LIST_VALUE_ID) VALUES (57,503,NULL,'24.05.2013',NULL);
INSERT INTO ATTRIBUTES (ATTR_ID,OBJECT_ID,VALUE,DATE_VALUE,LIST_VALUE_ID) VALUES (58,503,NULL,'15.05.2013',NULL);
INSERT INTO ATTRIBUTES (ATTR_ID,OBJECT_ID,VALUE,DATE_VALUE,LIST_VALUE_ID) VALUES (59,503,NULL,NULL,1);

INSERT INTO OBJREFERENCE (ATTR_ID,OBJECT_ID,REFERENCE) VALUES (60,14,4);
INSERT INTO OBJREFERENCE (ATTR_ID,OBJECT_ID,REFERENCE) VALUES (60,15,5);
INSERT INTO OBJREFERENCE (ATTR_ID,OBJECT_ID,REFERENCE) VALUES (60,500,200);
INSERT INTO OBJREFERENCE (ATTR_ID,OBJECT_ID,REFERENCE) VALUES (60,501,200);
INSERT INTO OBJREFERENCE (ATTR_ID,OBJECT_ID,REFERENCE) VALUES (60,502,201);
INSERT INTO OBJREFERENCE (ATTR_ID,OBJECT_ID,REFERENCE) VALUES (60,503,201);


INSERT INTO OBJECTS (OBJECT_ID,PARENT_ID,OBJECT_TYPE_ID,NAME,DESCRIPTION,OBJECT_VERSION) VALUES (16,NULL,8,'Working period1',NULL,1);
INSERT INTO OBJECTS (OBJECT_ID,PARENT_ID,OBJECT_TYPE_ID,NAME,DESCRIPTION,OBJECT_VERSION) VALUES (17,NULL,8,'Working period2',NULL,1);

INSERT INTO ATTRIBUTES (ATTR_ID,OBJECT_ID,VALUE,DATE_VALUE,LIST_VALUE_ID) VALUES (61,16,NULL,'14.12.2012',NULL);
INSERT INTO ATTRIBUTES (ATTR_ID,OBJECT_ID,VALUE,DATE_VALUE,LIST_VALUE_ID) VALUES (62,16,NULL,'25.12.2012',NULL);
INSERT INTO ATTRIBUTES (ATTR_ID,OBJECT_ID,VALUE,DATE_VALUE,LIST_VALUE_ID) VALUES (63,16,NULL,NULL,0);

INSERT INTO ATTRIBUTES (ATTR_ID,OBJECT_ID,VALUE,DATE_VALUE,LIST_VALUE_ID) VALUES (61,17,NULL,'14.12.2012',NULL);
INSERT INTO ATTRIBUTES (ATTR_ID,OBJECT_ID,VALUE,DATE_VALUE,LIST_VALUE_ID) VALUES (62,17,NULL,'25.12.2012',NULL);
INSERT INTO ATTRIBUTES (ATTR_ID,OBJECT_ID,VALUE,DATE_VALUE,LIST_VALUE_ID) VALUES (63,17,NULL,NULL,0);

INSERT INTO OBJREFERENCE (ATTR_ID,OBJECT_ID,REFERENCE) VALUES (64,16,2);
INSERT INTO OBJREFERENCE (ATTR_ID,OBJECT_ID,REFERENCE) VALUES (65,16,4);

INSERT INTO OBJREFERENCE (ATTR_ID,OBJECT_ID,REFERENCE) VALUES (64,17,3);
INSERT INTO OBJREFERENCE (ATTR_ID,OBJECT_ID,REFERENCE) VALUES (65,17,4);