INSERT INTO OBJECTS (OBJECT_ID,PARENT_ID,OBJECT_TYPE_ID,NAME,DESCRIPTION) VALUES (1,NULL,1,'Ivan Ivanovich Ivanov',NULL);
INSERT INTO OBJECTS (OBJECT_ID,PARENT_ID,OBJECT_TYPE_ID,NAME,DESCRIPTION) VALUES (2,NULL,1,'Petr Petrovich Petrov',NULL);
INSERT INTO OBJECTS (OBJECT_ID,PARENT_ID,OBJECT_TYPE_ID,NAME,DESCRIPTION) VALUES (3,NULL,1,'Admin Adminovich Adminov',NULL);

INSERT INTO ATTRIBUTES (ATTR_ID,OBJECT_ID,VALUE,DATE_VALUE,LIST_VALUE_ID) VALUES (1,1,'Ivanov',NULL,NULL);
INSERT INTO ATTRIBUTES (ATTR_ID,OBJECT_ID,VALUE,DATE_VALUE,LIST_VALUE_ID) VALUES (2,1,'Ivan',NULL,NULL);
INSERT INTO ATTRIBUTES (ATTR_ID,OBJECT_ID,VALUE,DATE_VALUE,LIST_VALUE_ID) VALUES (3,1,'ivanov@gmail.com',NULL,NULL);
INSERT INTO ATTRIBUTES (ATTR_ID,OBJECT_ID,VALUE,DATE_VALUE,LIST_VALUE_ID) VALUES (4,1,'30.03.93',NULL,NULL);
INSERT INTO ATTRIBUTES (ATTR_ID,OBJECT_ID,VALUE,DATE_VALUE,LIST_VALUE_ID) VALUES (5,1,'30.04.11',NULL,NULL);
INSERT INTO ATTRIBUTES (ATTR_ID,OBJECT_ID,VALUE,DATE_VALUE,LIST_VALUE_ID) VALUES (6,1,'09797979797',NULL,NULL);
INSERT INTO ATTRIBUTES (ATTR_ID,OBJECT_ID,VALUE,DATE_VALUE,LIST_VALUE_ID) VALUES (8,1,NULL,NULL,0);
INSERT INTO ATTRIBUTES (ATTR_ID,OBJECT_ID,VALUE,DATE_VALUE,LIST_VALUE_ID) VALUES (9,1,NULL,NULL,0);
INSERT INTO ATTRIBUTES (ATTR_ID,OBJECT_ID,VALUE,DATE_VALUE,LIST_VALUE_ID) VALUES (10,1,'ivanov',NULL,NULL);
INSERT INTO ATTRIBUTES (ATTR_ID,OBJECT_ID,VALUE,DATE_VALUE,LIST_VALUE_ID) VALUES (11,1,'ivan',NULL,NULL);
INSERT INTO ATTRIBUTES (ATTR_ID,OBJECT_ID,VALUE,DATE_VALUE,LIST_VALUE_ID) VALUES (12,1,NULL,NULL,1);
INSERT INTO ATTRIBUTES (ATTR_ID,OBJECT_ID,VALUE,DATE_VALUE,LIST_VALUE_ID) VALUES (13,1,NULL,NULL,0);


INSERT INTO ATTRIBUTES (ATTR_ID,OBJECT_ID,VALUE,DATE_VALUE,LIST_VALUE_ID) VALUES (1,2,'Petrov',NULL,NULL);
INSERT INTO ATTRIBUTES (ATTR_ID,OBJECT_ID,VALUE,DATE_VALUE,LIST_VALUE_ID) VALUES (2,2,'Petr',NULL,NULL);
INSERT INTO ATTRIBUTES (ATTR_ID,OBJECT_ID,VALUE,DATE_VALUE,LIST_VALUE_ID) VALUES (3,2,'petrov@gmail.com',NULL,NULL);
INSERT INTO ATTRIBUTES (ATTR_ID,OBJECT_ID,VALUE,DATE_VALUE,LIST_VALUE_ID) VALUES (4,2,'30.03.92',NULL,NULL);
INSERT INTO ATTRIBUTES (ATTR_ID,OBJECT_ID,VALUE,DATE_VALUE,LIST_VALUE_ID) VALUES (5,2,'30.04.11',NULL,NULL);
INSERT INTO ATTRIBUTES (ATTR_ID,OBJECT_ID,VALUE,DATE_VALUE,LIST_VALUE_ID) VALUES (6,2,'09797979796',NULL,NULL);
INSERT INTO ATTRIBUTES (ATTR_ID,OBJECT_ID,VALUE,DATE_VALUE,LIST_VALUE_ID) VALUES (8,2,NULL,NULL,1);
INSERT INTO ATTRIBUTES (ATTR_ID,OBJECT_ID,VALUE,DATE_VALUE,LIST_VALUE_ID) VALUES (9,2,NULL,NULL,0);
INSERT INTO ATTRIBUTES (ATTR_ID,OBJECT_ID,VALUE,DATE_VALUE,LIST_VALUE_ID) VALUES (10,2,'petrov',NULL,NULL);
INSERT INTO ATTRIBUTES (ATTR_ID,OBJECT_ID,VALUE,DATE_VALUE,LIST_VALUE_ID) VALUES (11,2,'petr',NULL,NULL);
INSERT INTO ATTRIBUTES (ATTR_ID,OBJECT_ID,VALUE,DATE_VALUE,LIST_VALUE_ID) VALUES (12,2,NULL,NULL,3);
INSERT INTO ATTRIBUTES (ATTR_ID,OBJECT_ID,VALUE,DATE_VALUE,LIST_VALUE_ID) VALUES (13,2,NULL,NULL,0);


INSERT INTO ATTRIBUTES (ATTR_ID,OBJECT_ID,VALUE,DATE_VALUE,LIST_VALUE_ID) VALUES (1,3,'Adminov',NULL,NULL);
INSERT INTO ATTRIBUTES (ATTR_ID,OBJECT_ID,VALUE,DATE_VALUE,LIST_VALUE_ID) VALUES (2,3,'Admin',NULL,NULL);
INSERT INTO ATTRIBUTES (ATTR_ID,OBJECT_ID,VALUE,DATE_VALUE,LIST_VALUE_ID) VALUES (3,3,'admin@gmail.com',NULL,NULL);
INSERT INTO ATTRIBUTES (ATTR_ID,OBJECT_ID,VALUE,DATE_VALUE,LIST_VALUE_ID) VALUES (4,3,'30.03.91',NULL,NULL);
INSERT INTO ATTRIBUTES (ATTR_ID,OBJECT_ID,VALUE,DATE_VALUE,LIST_VALUE_ID) VALUES (5,3,'30.04.11',NULL,NULL);
INSERT INTO ATTRIBUTES (ATTR_ID,OBJECT_ID,VALUE,DATE_VALUE,LIST_VALUE_ID) VALUES (6,3,'09797979795',NULL,NULL);
INSERT INTO ATTRIBUTES (ATTR_ID,OBJECT_ID,VALUE,DATE_VALUE,LIST_VALUE_ID) VALUES (8,3,NULL,NULL,2);
INSERT INTO ATTRIBUTES (ATTR_ID,OBJECT_ID,VALUE,DATE_VALUE,LIST_VALUE_ID) VALUES (9,3,NULL,NULL,0);
INSERT INTO ATTRIBUTES (ATTR_ID,OBJECT_ID,VALUE,DATE_VALUE,LIST_VALUE_ID) VALUES (10,3,'admin',NULL,NULL);
INSERT INTO ATTRIBUTES (ATTR_ID,OBJECT_ID,VALUE,DATE_VALUE,LIST_VALUE_ID) VALUES (11,3,'admin',NULL,NULL);
INSERT INTO ATTRIBUTES (ATTR_ID,OBJECT_ID,VALUE,DATE_VALUE,LIST_VALUE_ID) VALUES (12,3,NULL,NULL,0);
INSERT INTO ATTRIBUTES (ATTR_ID,OBJECT_ID,VALUE,DATE_VALUE,LIST_VALUE_ID) VALUES (13,3,NULL,NULL,0);


INSERT INTO OBJECTS (OBJECT_ID,PARENT_ID,OBJECT_TYPE_ID,NAME,DESCRIPTION) VALUES (4,NULL,2,'Project1',NULL);
INSERT INTO OBJECTS (OBJECT_ID,PARENT_ID,OBJECT_TYPE_ID,NAME,DESCRIPTION) VALUES (5,NULL,2,'Project2',NULL);

INSERT INTO ATTRIBUTES (ATTR_ID,OBJECT_ID,VALUE,DATE_VALUE,LIST_VALUE_ID) VALUES (14,4,'PROJECT1',NULL,NULL);
INSERT INTO ATTRIBUTES (ATTR_ID,OBJECT_ID,VALUE,DATE_VALUE,LIST_VALUE_ID) VALUES (15,4,'12.12.12',NULL,NULL);
INSERT INTO ATTRIBUTES (ATTR_ID,OBJECT_ID,VALUE,DATE_VALUE,LIST_VALUE_ID) VALUES (16,4,'12.12.15',NULL,NULL);
INSERT INTO ATTRIBUTES (ATTR_ID,OBJECT_ID,VALUE,DATE_VALUE,LIST_VALUE_ID) VALUES (17,4,NULL,NULL,0);

INSERT INTO ATTRIBUTES (ATTR_ID,OBJECT_ID,VALUE,DATE_VALUE,LIST_VALUE_ID) VALUES (14,5,'PROJECT2',NULL,NULL);
INSERT INTO ATTRIBUTES (ATTR_ID,OBJECT_ID,VALUE,DATE_VALUE,LIST_VALUE_ID) VALUES (15,5,'11.12.12',NULL,NULL);
INSERT INTO ATTRIBUTES (ATTR_ID,OBJECT_ID,VALUE,DATE_VALUE,LIST_VALUE_ID) VALUES (16,5,'11.12.15',NULL,NULL);
INSERT INTO ATTRIBUTES (ATTR_ID,OBJECT_ID,VALUE,DATE_VALUE,LIST_VALUE_ID) VALUES (17,5,NULL,NULL,0);

INSERT INTO OBJREFERENCE (ATTR_ID,OBJECT_ID,REFERENCE) VALUES (18,4,1);
INSERT INTO OBJREFERENCE (ATTR_ID,OBJECT_ID,REFERENCE) VALUES (18,5,1);

INSERT INTO OBJREFERENCE (ATTR_ID,OBJECT_ID,REFERENCE) VALUES (19,4,2);
INSERT INTO OBJREFERENCE (ATTR_ID,OBJECT_ID,REFERENCE) VALUES (19,4,3);


INSERT INTO OBJECTS (OBJECT_ID,PARENT_ID,OBJECT_TYPE_ID,NAME,DESCRIPTION) VALUES (6,NULL,3,'Task1',NULL);
INSERT INTO OBJECTS (OBJECT_ID,PARENT_ID,OBJECT_TYPE_ID,NAME,DESCRIPTION) VALUES (7,NULL,3,'Task2',NULL);

INSERT INTO ATTRIBUTES (ATTR_ID,OBJECT_ID,VALUE,DATE_VALUE,LIST_VALUE_ID) VALUES (20,6,'TASK1',NULL,NULL);
INSERT INTO ATTRIBUTES (ATTR_ID,OBJECT_ID,VALUE,DATE_VALUE,LIST_VALUE_ID) VALUES (21,6,NULL,NULL,1);
INSERT INTO ATTRIBUTES (ATTR_ID,OBJECT_ID,VALUE,DATE_VALUE,LIST_VALUE_ID) VALUES (22,6,'12.12.12',NULL,NULL);
INSERT INTO ATTRIBUTES (ATTR_ID,OBJECT_ID,VALUE,DATE_VALUE,LIST_VALUE_ID) VALUES (23,6,'13.12.12',NULL,NULL);
INSERT INTO ATTRIBUTES (ATTR_ID,OBJECT_ID,VALUE,DATE_VALUE,LIST_VALUE_ID) VALUES (24,6,'13.12.12',NULL,NULL);
INSERT INTO ATTRIBUTES (ATTR_ID,OBJECT_ID,VALUE,DATE_VALUE,LIST_VALUE_ID) VALUES (25,6,NULL,NULL,1);
INSERT INTO ATTRIBUTES (ATTR_ID,OBJECT_ID,VALUE,DATE_VALUE,LIST_VALUE_ID) VALUES (26,6,NULL,NULL,0);
INSERT INTO ATTRIBUTES (ATTR_ID,OBJECT_ID,VALUE,DATE_VALUE,LIST_VALUE_ID) VALUES (27,6,'Task1 description',NULL,NULL);
INSERT INTO ATTRIBUTES (ATTR_ID,OBJECT_ID,VALUE,DATE_VALUE,LIST_VALUE_ID) VALUES (28,6,'0',NULL,NULL);
INSERT INTO ATTRIBUTES (ATTR_ID,OBJECT_ID,VALUE,DATE_VALUE,LIST_VALUE_ID) VALUES (29,6,'Comment1',NULL,NULL);


INSERT INTO ATTRIBUTES (ATTR_ID,OBJECT_ID,VALUE,DATE_VALUE,LIST_VALUE_ID) VALUES (20,7,'TASK2',NULL,NULL);
INSERT INTO ATTRIBUTES (ATTR_ID,OBJECT_ID,VALUE,DATE_VALUE,LIST_VALUE_ID) VALUES (21,7,NULL,NULL,1);
INSERT INTO ATTRIBUTES (ATTR_ID,OBJECT_ID,VALUE,DATE_VALUE,LIST_VALUE_ID) VALUES (22,7,'12.12.12',NULL,NULL);
INSERT INTO ATTRIBUTES (ATTR_ID,OBJECT_ID,VALUE,DATE_VALUE,LIST_VALUE_ID) VALUES (23,7,'13.12.12',NULL,NULL);
INSERT INTO ATTRIBUTES (ATTR_ID,OBJECT_ID,VALUE,DATE_VALUE,LIST_VALUE_ID) VALUES (24,7,'13.12.12',NULL,NULL);
INSERT INTO ATTRIBUTES (ATTR_ID,OBJECT_ID,VALUE,DATE_VALUE,LIST_VALUE_ID) VALUES (25,7,NULL,NULL,0);
INSERT INTO ATTRIBUTES (ATTR_ID,OBJECT_ID,VALUE,DATE_VALUE,LIST_VALUE_ID) VALUES (26,7,NULL,NULL,0);
INSERT INTO ATTRIBUTES (ATTR_ID,OBJECT_ID,VALUE,DATE_VALUE,LIST_VALUE_ID) VALUES (27,7,'Task2 description',NULL,NULL);
INSERT INTO ATTRIBUTES (ATTR_ID,OBJECT_ID,VALUE,DATE_VALUE,LIST_VALUE_ID) VALUES (28,7,'0',NULL,NULL);
INSERT INTO ATTRIBUTES (ATTR_ID,OBJECT_ID,VALUE,DATE_VALUE,LIST_VALUE_ID) VALUES (29,7,'Comment1',NULL,NULL);

INSERT INTO OBJREFERENCE (ATTR_ID,OBJECT_ID,REFERENCE) VALUES (30,6,1);
INSERT INTO OBJREFERENCE (ATTR_ID,OBJECT_ID,REFERENCE) VALUES (30,7,1);

INSERT INTO OBJREFERENCE (ATTR_ID,OBJECT_ID,REFERENCE) VALUES (31,6,2);
INSERT INTO OBJREFERENCE (ATTR_ID,OBJECT_ID,REFERENCE) VALUES (31,6,3);

INSERT INTO OBJREFERENCE (ATTR_ID,OBJECT_ID,REFERENCE) VALUES (32,6,4);
INSERT INTO OBJREFERENCE (ATTR_ID,OBJECT_ID,REFERENCE) VALUES (32,7,4);


INSERT INTO OBJECTS (OBJECT_ID,PARENT_ID,OBJECT_TYPE_ID,NAME,DESCRIPTION) VALUES (8,NULL,4,'BusinessTrip1',NULL);
INSERT INTO OBJECTS (OBJECT_ID,PARENT_ID,OBJECT_TYPE_ID,NAME,DESCRIPTION) VALUES (9,NULL,4,'BusinessTrip2',NULL);

INSERT INTO ATTRIBUTES (ATTR_ID,OBJECT_ID,VALUE,DATE_VALUE,LIST_VALUE_ID) VALUES (33,8,'USA',NULL,NULL);
INSERT INTO ATTRIBUTES (ATTR_ID,OBJECT_ID,VALUE,DATE_VALUE,LIST_VALUE_ID) VALUES (34,8,'13.12.12',NULL,NULL);
INSERT INTO ATTRIBUTES (ATTR_ID,OBJECT_ID,VALUE,DATE_VALUE,LIST_VALUE_ID) VALUES (35,8,'13.02.13',NULL,NULL);
INSERT INTO ATTRIBUTES (ATTR_ID,OBJECT_ID,VALUE,DATE_VALUE,LIST_VALUE_ID) VALUES (36,8,NULL,NULL,0);

INSERT INTO ATTRIBUTES (ATTR_ID,OBJECT_ID,VALUE,DATE_VALUE,LIST_VALUE_ID) VALUES (33,9,'Switzerland',NULL,NULL);
INSERT INTO ATTRIBUTES (ATTR_ID,OBJECT_ID,VALUE,DATE_VALUE,LIST_VALUE_ID) VALUES (34,9,'13.12.12',NULL,NULL);
INSERT INTO ATTRIBUTES (ATTR_ID,OBJECT_ID,VALUE,DATE_VALUE,LIST_VALUE_ID) VALUES (35,9,'13.02.13',NULL,NULL);
INSERT INTO ATTRIBUTES (ATTR_ID,OBJECT_ID,VALUE,DATE_VALUE,LIST_VALUE_ID) VALUES (36,9,NULL,NULL,0);

INSERT INTO OBJREFERENCE (ATTR_ID,OBJECT_ID,REFERENCE) VALUES (37,8,2);
INSERT INTO OBJREFERENCE (ATTR_ID,OBJECT_ID,REFERENCE) VALUES (38,8,2);
INSERT INTO OBJREFERENCE (ATTR_ID,OBJECT_ID,REFERENCE) VALUES (39,8,4);
INSERT INTO OBJREFERENCE (ATTR_ID,OBJECT_ID,REFERENCE) VALUES (40,8,1);

INSERT INTO OBJREFERENCE (ATTR_ID,OBJECT_ID,REFERENCE) VALUES (37,9,3);
INSERT INTO OBJREFERENCE (ATTR_ID,OBJECT_ID,REFERENCE) VALUES (38,9,3);
INSERT INTO OBJREFERENCE (ATTR_ID,OBJECT_ID,REFERENCE) VALUES (39,9,4);
INSERT INTO OBJREFERENCE (ATTR_ID,OBJECT_ID,REFERENCE) VALUES (40,9,1);


INSERT INTO OBJECTS (OBJECT_ID,PARENT_ID,OBJECT_TYPE_ID,NAME,DESCRIPTION) VALUES (10,NULL,5,'Vacation1',NULL);
INSERT INTO OBJECTS (OBJECT_ID,PARENT_ID,OBJECT_TYPE_ID,NAME,DESCRIPTION) VALUES (11,NULL,5,'Vacation2',NULL);

INSERT INTO ATTRIBUTES (ATTR_ID,OBJECT_ID,VALUE,DATE_VALUE,LIST_VALUE_ID) VALUES (41,10,'17.12.12',NULL,NULL);
INSERT INTO ATTRIBUTES (ATTR_ID,OBJECT_ID,VALUE,DATE_VALUE,LIST_VALUE_ID) VALUES (42,10,'27.12.12',NULL,NULL);
INSERT INTO ATTRIBUTES (ATTR_ID,OBJECT_ID,VALUE,DATE_VALUE,LIST_VALUE_ID) VALUES (43,10,NULL,NULL,0);
INSERT INTO ATTRIBUTES (ATTR_ID,OBJECT_ID,VALUE,DATE_VALUE,LIST_VALUE_ID) VALUES (44,10,NULL,NULL,0);


INSERT INTO ATTRIBUTES (ATTR_ID,OBJECT_ID,VALUE,DATE_VALUE,LIST_VALUE_ID) VALUES (41,11,'18.12.12',NULL,NULL);
INSERT INTO ATTRIBUTES (ATTR_ID,OBJECT_ID,VALUE,DATE_VALUE,LIST_VALUE_ID) VALUES (42,11,'27.12.12',NULL,NULL);
INSERT INTO ATTRIBUTES (ATTR_ID,OBJECT_ID,VALUE,DATE_VALUE,LIST_VALUE_ID) VALUES (43,11,NULL,NULL,0);
INSERT INTO ATTRIBUTES (ATTR_ID,OBJECT_ID,VALUE,DATE_VALUE,LIST_VALUE_ID) VALUES (44,11,NULL,NULL,0);

INSERT INTO OBJREFERENCE (ATTR_ID,OBJECT_ID,REFERENCE) VALUES (45,10,2);
INSERT INTO OBJREFERENCE (ATTR_ID,OBJECT_ID,REFERENCE) VALUES (46,10,4);
INSERT INTO OBJREFERENCE (ATTR_ID,OBJECT_ID,REFERENCE) VALUES (47,10,1);
INSERT INTO OBJREFERENCE (ATTR_ID,OBJECT_ID,REFERENCE) VALUES (48,10,3);

INSERT INTO OBJREFERENCE (ATTR_ID,OBJECT_ID,REFERENCE) VALUES (45,11,3);
INSERT INTO OBJREFERENCE (ATTR_ID,OBJECT_ID,REFERENCE) VALUES (46,11,4);
INSERT INTO OBJREFERENCE (ATTR_ID,OBJECT_ID,REFERENCE) VALUES (47,11,1);
INSERT INTO OBJREFERENCE (ATTR_ID,OBJECT_ID,REFERENCE) VALUES (48,11,2);

INSERT INTO OBJECTS (OBJECT_ID,PARENT_ID,OBJECT_TYPE_ID,NAME,DESCRIPTION) VALUES (12,NULL,6,'WorkingDay1',NULL);
INSERT INTO OBJECTS (OBJECT_ID,PARENT_ID,OBJECT_TYPE_ID,NAME,DESCRIPTION) VALUES (13,NULL,6,'WorkingDay2',NULL);

INSERT INTO ATTRIBUTES (ATTR_ID,OBJECT_ID,VALUE,DATE_VALUE,LIST_VALUE_ID) VALUES (49,12,'14.12.12',NULL,NULL);
INSERT INTO ATTRIBUTES (ATTR_ID,OBJECT_ID,VALUE,DATE_VALUE,LIST_VALUE_ID) VALUES (50,12,'48',NULL,NULL);
INSERT INTO ATTRIBUTES (ATTR_ID,OBJECT_ID,VALUE,DATE_VALUE,LIST_VALUE_ID) VALUES (51,12,'8',NULL,NULL);
INSERT INTO ATTRIBUTES (ATTR_ID,OBJECT_ID,VALUE,DATE_VALUE,LIST_VALUE_ID) VALUES (52,12,NULL,NULL,0);

INSERT INTO ATTRIBUTES (ATTR_ID,OBJECT_ID,VALUE,DATE_VALUE,LIST_VALUE_ID) VALUES (49,13,'12.12.12',NULL,NULL);
INSERT INTO ATTRIBUTES (ATTR_ID,OBJECT_ID,VALUE,DATE_VALUE,LIST_VALUE_ID) VALUES (50,13,'5',NULL,NULL);
INSERT INTO ATTRIBUTES (ATTR_ID,OBJECT_ID,VALUE,DATE_VALUE,LIST_VALUE_ID) VALUES (51,13,'8',NULL,NULL);
INSERT INTO ATTRIBUTES (ATTR_ID,OBJECT_ID,VALUE,DATE_VALUE,LIST_VALUE_ID) VALUES (52,13,NULL,NULL,0);


INSERT INTO OBJREFERENCE (ATTR_ID,OBJECT_ID,REFERENCE) VALUES (53,12,2);
INSERT INTO OBJREFERENCE (ATTR_ID,OBJECT_ID,REFERENCE) VALUES (54,12,1);

INSERT INTO OBJREFERENCE (ATTR_ID,OBJECT_ID,REFERENCE) VALUES (53,13,3);
INSERT INTO OBJREFERENCE (ATTR_ID,OBJECT_ID,REFERENCE) VALUES (54,13,1);


INSERT INTO OBJECTS (OBJECT_ID,PARENT_ID,OBJECT_TYPE_ID,NAME,DESCRIPTION) VALUES (14,NULL,7,'Sprint1',NULL);
INSERT INTO OBJECTS (OBJECT_ID,PARENT_ID,OBJECT_TYPE_ID,NAME,DESCRIPTION) VALUES (15,NULL,7,'Sprint2',NULL);

INSERT INTO ATTRIBUTES (ATTR_ID,OBJECT_ID,VALUE,DATE_VALUE,LIST_VALUE_ID) VALUES (55,14,'SPRINT1',NULL,NULL);
INSERT INTO ATTRIBUTES (ATTR_ID,OBJECT_ID,VALUE,DATE_VALUE,LIST_VALUE_ID) VALUES (56,14,'14.12.12',NULL,NULL);
INSERT INTO ATTRIBUTES (ATTR_ID,OBJECT_ID,VALUE,DATE_VALUE,LIST_VALUE_ID) VALUES (57,14,'25.12.12',NULL,NULL);
INSERT INTO ATTRIBUTES (ATTR_ID,OBJECT_ID,VALUE,DATE_VALUE,LIST_VALUE_ID) VALUES (58,14,'26.12.12',NULL,NULL);
INSERT INTO ATTRIBUTES (ATTR_ID,OBJECT_ID,VALUE,DATE_VALUE,LIST_VALUE_ID) VALUES (59,15,NULL,NULL,1);


INSERT INTO ATTRIBUTES (ATTR_ID,OBJECT_ID,VALUE,DATE_VALUE,LIST_VALUE_ID) VALUES (55,15,'SPRINT2',NULL,NULL);
INSERT INTO ATTRIBUTES (ATTR_ID,OBJECT_ID,VALUE,DATE_VALUE,LIST_VALUE_ID) VALUES (56,15,'14.12.12',NULL,NULL);
INSERT INTO ATTRIBUTES (ATTR_ID,OBJECT_ID,VALUE,DATE_VALUE,LIST_VALUE_ID) VALUES (57,15,'25.12.12',NULL,NULL);
INSERT INTO ATTRIBUTES (ATTR_ID,OBJECT_ID,VALUE,DATE_VALUE,LIST_VALUE_ID) VALUES (58,15,'26.12.12',NULL,NULL);
INSERT INTO ATTRIBUTES (ATTR_ID,OBJECT_ID,VALUE,DATE_VALUE,LIST_VALUE_ID) VALUES (59,15,NULL,NULL,1);


INSERT INTO OBJREFERENCE (ATTR_ID,OBJECT_ID,REFERENCE) VALUES (60,14,4);
INSERT INTO OBJREFERENCE (ATTR_ID,OBJECT_ID,REFERENCE) VALUES (60,15,5);


INSERT INTO OBJECTS (OBJECT_ID,PARENT_ID,OBJECT_TYPE_ID,NAME,DESCRIPTION) VALUES (16,NULL,8,'Working period 1',NULL);
INSERT INTO OBJECTS (OBJECT_ID,PARENT_ID,OBJECT_TYPE_ID,NAME,DESCRIPTION) VALUES (17,NULL,8,'Working period 2',NULL);

INSERT INTO ATTRIBUTES (ATTR_ID,OBJECT_ID,VALUE,DATE_VALUE,LIST_VALUE_ID) VALUES (61,16,'14.12.12',NULL,NULL);
INSERT INTO ATTRIBUTES (ATTR_ID,OBJECT_ID,VALUE,DATE_VALUE,LIST_VALUE_ID) VALUES (62,16,'25.12.12',NULL,NULL);

INSERT INTO ATTRIBUTES (ATTR_ID,OBJECT_ID,VALUE,DATE_VALUE,LIST_VALUE_ID) VALUES (61,17,'14.12.12',NULL,NULL);
INSERT INTO ATTRIBUTES (ATTR_ID,OBJECT_ID,VALUE,DATE_VALUE,LIST_VALUE_ID) VALUES (62,17,'25.12.12',NULL,NULL);

INSERT INTO OBJREFERENCE (ATTR_ID,OBJECT_ID,REFERENCE) VALUES (63,16,2);
INSERT INTO OBJREFERENCE (ATTR_ID,OBJECT_ID,REFERENCE) VALUES (64,16,4);

INSERT INTO OBJREFERENCE (ATTR_ID,OBJECT_ID,REFERENCE) VALUES (63,17,3);
INSERT INTO OBJREFERENCE (ATTR_ID,OBJECT_ID,REFERENCE) VALUES (64,17,4);