INSERT INTO OBJECTS (OBJECT_ID,PARENT_ID,OBJECT_TYPE_ID,NAME,DESCRIPTION,OBJECT_VERSION) VALUES (4,NULL,1,'Ivan Ivanovich Ivanov',NULL,1);
INSERT INTO ATTRIBUTES (ATTR_ID,OBJECT_ID,VALUE,DATE_VALUE,LIST_VALUE_ID) VALUES (1,4,'Ivanov',NULL,NULL);
INSERT INTO ATTRIBUTES (ATTR_ID,OBJECT_ID,VALUE,DATE_VALUE,LIST_VALUE_ID) VALUES (2,4,'Ivan',NULL,NULL);
INSERT INTO ATTRIBUTES (ATTR_ID,OBJECT_ID,VALUE,DATE_VALUE,LIST_VALUE_ID) VALUES (3,4,'ivanov@gmail.com',NULL,NULL);
INSERT INTO ATTRIBUTES (ATTR_ID,OBJECT_ID,VALUE,DATE_VALUE,LIST_VALUE_ID) VALUES (4,4,NULL,'30.03.1993',NULL);
INSERT INTO ATTRIBUTES (ATTR_ID,OBJECT_ID,VALUE,DATE_VALUE,LIST_VALUE_ID) VALUES (5,4,NULL,'30.04.2011',NULL);
INSERT INTO ATTRIBUTES (ATTR_ID,OBJECT_ID,VALUE,DATE_VALUE,LIST_VALUE_ID) VALUES (6,4,'0979797972',NULL,NULL);
INSERT INTO ATTRIBUTES (ATTR_ID,OBJECT_ID,VALUE,DATE_VALUE,LIST_VALUE_ID) VALUES (8,4,NULL,NULL,0);
INSERT INTO ATTRIBUTES (ATTR_ID,OBJECT_ID,VALUE,DATE_VALUE,LIST_VALUE_ID) VALUES (9,4,NULL,NULL,0);
INSERT INTO ATTRIBUTES (ATTR_ID,OBJECT_ID,VALUE,DATE_VALUE,LIST_VALUE_ID) VALUES (10,4,'ivanov',NULL,NULL);
INSERT INTO ATTRIBUTES (ATTR_ID,OBJECT_ID,VALUE,DATE_VALUE,LIST_VALUE_ID) VALUES (11,4,'a15f8b81a160b4eebe5c84e9e3b65c87b9b2f18e',NULL,NULL);
--ivan
INSERT INTO ATTRIBUTES (ATTR_ID,OBJECT_ID,VALUE,DATE_VALUE,LIST_VALUE_ID) VALUES (12,4,NULL,NULL,1);
INSERT INTO ATTRIBUTES (ATTR_ID,OBJECT_ID,VALUE,DATE_VALUE,LIST_VALUE_ID) VALUES (13,4,NULL,NULL,0);

INSERT INTO OBJECTS (OBJECT_ID,PARENT_ID,OBJECT_TYPE_ID,NAME,DESCRIPTION,OBJECT_VERSION) VALUES (5,NULL,1,'Petr Petrovich Petrov',NULL,1);
INSERT INTO ATTRIBUTES (ATTR_ID,OBJECT_ID,VALUE,DATE_VALUE,LIST_VALUE_ID) VALUES (1,5,'Petrov',NULL,NULL);
INSERT INTO ATTRIBUTES (ATTR_ID,OBJECT_ID,VALUE,DATE_VALUE,LIST_VALUE_ID) VALUES (2,5,'Petr',NULL,NULL);
INSERT INTO ATTRIBUTES (ATTR_ID,OBJECT_ID,VALUE,DATE_VALUE,LIST_VALUE_ID) VALUES (3,5,'petrov@gmail.com',NULL,NULL);
INSERT INTO ATTRIBUTES (ATTR_ID,OBJECT_ID,VALUE,DATE_VALUE,LIST_VALUE_ID) VALUES (4,5,NULL,'30.03.1992',NULL);
INSERT INTO ATTRIBUTES (ATTR_ID,OBJECT_ID,VALUE,DATE_VALUE,LIST_VALUE_ID) VALUES (5,5,NULL,'30.04.2011',NULL);
INSERT INTO ATTRIBUTES (ATTR_ID,OBJECT_ID,VALUE,DATE_VALUE,LIST_VALUE_ID) VALUES (6,5,'0979797971',NULL,NULL);
INSERT INTO ATTRIBUTES (ATTR_ID,OBJECT_ID,VALUE,DATE_VALUE,LIST_VALUE_ID) VALUES (8,5,NULL,NULL,1);
INSERT INTO ATTRIBUTES (ATTR_ID,OBJECT_ID,VALUE,DATE_VALUE,LIST_VALUE_ID) VALUES (9,5,NULL,NULL,0);
INSERT INTO ATTRIBUTES (ATTR_ID,OBJECT_ID,VALUE,DATE_VALUE,LIST_VALUE_ID) VALUES (10,5,'petrov',NULL,NULL);
INSERT INTO ATTRIBUTES (ATTR_ID,OBJECT_ID,VALUE,DATE_VALUE,LIST_VALUE_ID) VALUES (11,5,'c327e92ea10f7773037429ba850de356a617881c',NULL,NULL);
--petr
INSERT INTO ATTRIBUTES (ATTR_ID,OBJECT_ID,VALUE,DATE_VALUE,LIST_VALUE_ID) VALUES (12,5,NULL,NULL,2);
INSERT INTO ATTRIBUTES (ATTR_ID,OBJECT_ID,VALUE,DATE_VALUE,LIST_VALUE_ID) VALUES (13,5,NULL,NULL,0);

INSERT INTO OBJECTS (OBJECT_ID,PARENT_ID,OBJECT_TYPE_ID,NAME,DESCRIPTION,OBJECT_VERSION) VALUES (15,NULL,1,'Ben Stiller',NULL,1);
INSERT INTO ATTRIBUTES (ATTR_ID,OBJECT_ID,VALUE,DATE_VALUE,LIST_VALUE_ID) VALUES (1,15,'Stiller',NULL,NULL);
INSERT INTO ATTRIBUTES (ATTR_ID,OBJECT_ID,VALUE,DATE_VALUE,LIST_VALUE_ID) VALUES (2,15,'Ben',NULL,NULL);
INSERT INTO ATTRIBUTES (ATTR_ID,OBJECT_ID,VALUE,DATE_VALUE,LIST_VALUE_ID) VALUES (3,15,'ben.stiller@gmail.com',NULL,NULL);
INSERT INTO ATTRIBUTES (ATTR_ID,OBJECT_ID,VALUE,DATE_VALUE,LIST_VALUE_ID) VALUES (4,15,NULL,'01.01.1991',NULL);
INSERT INTO ATTRIBUTES (ATTR_ID,OBJECT_ID,VALUE,DATE_VALUE,LIST_VALUE_ID) VALUES (5,15,NULL,'01.12.2017',NULL);
INSERT INTO ATTRIBUTES (ATTR_ID,OBJECT_ID,VALUE,DATE_VALUE,LIST_VALUE_ID) VALUES (6,15,'0979797973',NULL,NULL);
INSERT INTO ATTRIBUTES (ATTR_ID,OBJECT_ID,VALUE,DATE_VALUE,LIST_VALUE_ID) VALUES (8,15,NULL,NULL,2);
INSERT INTO ATTRIBUTES (ATTR_ID,OBJECT_ID,VALUE,DATE_VALUE,LIST_VALUE_ID) VALUES (9,15,NULL,NULL,0);
INSERT INTO ATTRIBUTES (ATTR_ID,OBJECT_ID,VALUE,DATE_VALUE,LIST_VALUE_ID) VALUES (10,15,'Stiller',NULL,NULL);
INSERT INTO ATTRIBUTES (ATTR_ID,OBJECT_ID,VALUE,DATE_VALUE,LIST_VALUE_ID) VALUES (11,15,'73675debcd8a436be48ec22211dcf44fe0df0a64',NULL,NULL);
--ben
INSERT INTO ATTRIBUTES (ATTR_ID,OBJECT_ID,VALUE,DATE_VALUE,LIST_VALUE_ID) VALUES (12,15,NULL,NULL,3);
INSERT INTO ATTRIBUTES (ATTR_ID,OBJECT_ID,VALUE,DATE_VALUE,LIST_VALUE_ID) VALUES (13,15,NULL,NULL,0);

INSERT INTO OBJECTS (OBJECT_ID,PARENT_ID,OBJECT_TYPE_ID,NAME,DESCRIPTION,OBJECT_VERSION) VALUES (16,NULL,1,'Zach Galifianakis',NULL,1);
INSERT INTO ATTRIBUTES (ATTR_ID,OBJECT_ID,VALUE,DATE_VALUE,LIST_VALUE_ID) VALUES (1,16,'Galifianakis',NULL,NULL);
INSERT INTO ATTRIBUTES (ATTR_ID,OBJECT_ID,VALUE,DATE_VALUE,LIST_VALUE_ID) VALUES (2,16,'Zach',NULL,NULL);
INSERT INTO ATTRIBUTES (ATTR_ID,OBJECT_ID,VALUE,DATE_VALUE,LIST_VALUE_ID) VALUES (3,16,'zach.galifianakis@gmail.com',NULL,NULL);
INSERT INTO ATTRIBUTES (ATTR_ID,OBJECT_ID,VALUE,DATE_VALUE,LIST_VALUE_ID) VALUES (4,16,NULL,'01.10.1992',NULL);
INSERT INTO ATTRIBUTES (ATTR_ID,OBJECT_ID,VALUE,DATE_VALUE,LIST_VALUE_ID) VALUES (5,16,NULL,'15.12.2017',NULL);
INSERT INTO ATTRIBUTES (ATTR_ID,OBJECT_ID,VALUE,DATE_VALUE,LIST_VALUE_ID) VALUES (6,16,'0979797933',NULL,NULL);
INSERT INTO ATTRIBUTES (ATTR_ID,OBJECT_ID,VALUE,DATE_VALUE,LIST_VALUE_ID) VALUES (8,16,NULL,NULL,2);
INSERT INTO ATTRIBUTES (ATTR_ID,OBJECT_ID,VALUE,DATE_VALUE,LIST_VALUE_ID) VALUES (9,16,NULL,NULL,0);
INSERT INTO ATTRIBUTES (ATTR_ID,OBJECT_ID,VALUE,DATE_VALUE,LIST_VALUE_ID) VALUES (10,16,'Galifianakis',NULL,NULL);
INSERT INTO ATTRIBUTES (ATTR_ID,OBJECT_ID,VALUE,DATE_VALUE,LIST_VALUE_ID) VALUES (11,16,'05752ba2f907b6dd66ed51108baa3a3a4f2cda1f',NULL,NULL);
--Zach
INSERT INTO ATTRIBUTES (ATTR_ID,OBJECT_ID,VALUE,DATE_VALUE,LIST_VALUE_ID) VALUES (12,16,NULL,NULL,3);
INSERT INTO ATTRIBUTES (ATTR_ID,OBJECT_ID,VALUE,DATE_VALUE,LIST_VALUE_ID) VALUES (13,16,NULL,NULL,0);

INSERT INTO OBJECTS (OBJECT_ID,PARENT_ID,OBJECT_TYPE_ID,NAME,DESCRIPTION,OBJECT_VERSION) VALUES (17,NULL,1,'Zack Snyder',NULL,1);
INSERT INTO ATTRIBUTES (ATTR_ID,OBJECT_ID,VALUE,DATE_VALUE,LIST_VALUE_ID) VALUES (1,17,'Snyder',NULL,NULL);
INSERT INTO ATTRIBUTES (ATTR_ID,OBJECT_ID,VALUE,DATE_VALUE,LIST_VALUE_ID) VALUES (2,17,'Zach',NULL,NULL);
INSERT INTO ATTRIBUTES (ATTR_ID,OBJECT_ID,VALUE,DATE_VALUE,LIST_VALUE_ID) VALUES (3,17,'zach.snyder@gmail.com',NULL,NULL);
INSERT INTO ATTRIBUTES (ATTR_ID,OBJECT_ID,VALUE,DATE_VALUE,LIST_VALUE_ID) VALUES (4,17,NULL,'01.05.1993',NULL);
INSERT INTO ATTRIBUTES (ATTR_ID,OBJECT_ID,VALUE,DATE_VALUE,LIST_VALUE_ID) VALUES (5,17,NULL,'07.11.2017',NULL);
INSERT INTO ATTRIBUTES (ATTR_ID,OBJECT_ID,VALUE,DATE_VALUE,LIST_VALUE_ID) VALUES (6,17,'0979797933',NULL,NULL);
INSERT INTO ATTRIBUTES (ATTR_ID,OBJECT_ID,VALUE,DATE_VALUE,LIST_VALUE_ID) VALUES (8,17,NULL,NULL,2);
INSERT INTO ATTRIBUTES (ATTR_ID,OBJECT_ID,VALUE,DATE_VALUE,LIST_VALUE_ID) VALUES (9,17,NULL,NULL,0);
INSERT INTO ATTRIBUTES (ATTR_ID,OBJECT_ID,VALUE,DATE_VALUE,LIST_VALUE_ID) VALUES (10,17,'Snyder',NULL,NULL);
INSERT INTO ATTRIBUTES (ATTR_ID,OBJECT_ID,VALUE,DATE_VALUE,LIST_VALUE_ID) VALUES (11,17,'05752ba2f907b6dd66ed51108baa3a3a4f2cda1f',NULL,NULL);
--Zach
INSERT INTO ATTRIBUTES (ATTR_ID,OBJECT_ID,VALUE,DATE_VALUE,LIST_VALUE_ID) VALUES (12,17,NULL,NULL,3);
INSERT INTO ATTRIBUTES (ATTR_ID,OBJECT_ID,VALUE,DATE_VALUE,LIST_VALUE_ID) VALUES (13,17,NULL,NULL,0);

INSERT INTO OBJECTS (OBJECT_ID,PARENT_ID,OBJECT_TYPE_ID,NAME,DESCRIPTION,OBJECT_VERSION) VALUES (18,NULL,1,'Adminov Admin',NULL,1);
INSERT INTO ATTRIBUTES (ATTR_ID,OBJECT_ID,VALUE,DATE_VALUE,LIST_VALUE_ID) VALUES (1,18,'Adminov',NULL,NULL);
INSERT INTO ATTRIBUTES (ATTR_ID,OBJECT_ID,VALUE,DATE_VALUE,LIST_VALUE_ID) VALUES (2,18,'Admin',NULL,NULL);
INSERT INTO ATTRIBUTES (ATTR_ID,OBJECT_ID,VALUE,DATE_VALUE,LIST_VALUE_ID) VALUES (3,18,'admin@gmail.com',NULL,NULL);
INSERT INTO ATTRIBUTES (ATTR_ID,OBJECT_ID,VALUE,DATE_VALUE,LIST_VALUE_ID) VALUES (4,18,NULL,'30.03.1991',NULL);
INSERT INTO ATTRIBUTES (ATTR_ID,OBJECT_ID,VALUE,DATE_VALUE,LIST_VALUE_ID) VALUES (5,18,NULL,'30.04.2017',NULL);
INSERT INTO ATTRIBUTES (ATTR_ID,OBJECT_ID,VALUE,DATE_VALUE,LIST_VALUE_ID) VALUES (6,18,'09797979795',NULL,NULL);
INSERT INTO ATTRIBUTES (ATTR_ID,OBJECT_ID,VALUE,DATE_VALUE,LIST_VALUE_ID) VALUES (8,18,NULL,NULL,2);
INSERT INTO ATTRIBUTES (ATTR_ID,OBJECT_ID,VALUE,DATE_VALUE,LIST_VALUE_ID) VALUES (9,18,NULL,NULL,0);
INSERT INTO ATTRIBUTES (ATTR_ID,OBJECT_ID,VALUE,DATE_VALUE,LIST_VALUE_ID) VALUES (10,18,'admin',NULL,NULL);
INSERT INTO ATTRIBUTES (ATTR_ID,OBJECT_ID,VALUE,DATE_VALUE,LIST_VALUE_ID) VALUES (11,18,'d033e22ae348aeb5660fc2140aec35850c4da997',NULL,NULL);
--admin
INSERT INTO ATTRIBUTES (ATTR_ID,OBJECT_ID,VALUE,DATE_VALUE,LIST_VALUE_ID) VALUES (12,18,NULL,NULL,0);
INSERT INTO ATTRIBUTES (ATTR_ID,OBJECT_ID,VALUE,DATE_VALUE,LIST_VALUE_ID) VALUES (13,18,NULL,NULL,0);

INSERT INTO OBJECTS (OBJECT_ID,PARENT_ID,OBJECT_TYPE_ID,NAME,DESCRIPTION,OBJECT_VERSION) VALUES (19,NULL,1,'Mick Jagger',NULL,1);
INSERT INTO ATTRIBUTES (ATTR_ID,OBJECT_ID,VALUE,DATE_VALUE,LIST_VALUE_ID) VALUES (1,19,'Jagger',NULL,NULL);
INSERT INTO ATTRIBUTES (ATTR_ID,OBJECT_ID,VALUE,DATE_VALUE,LIST_VALUE_ID) VALUES (2,19,'Mick',NULL,NULL);
INSERT INTO ATTRIBUTES (ATTR_ID,OBJECT_ID,VALUE,DATE_VALUE,LIST_VALUE_ID) VALUES (3,19,'mick.jagger@gmail.com',NULL,NULL);
INSERT INTO ATTRIBUTES (ATTR_ID,OBJECT_ID,VALUE,DATE_VALUE,LIST_VALUE_ID) VALUES (4,19,NULL,'01.04.1992',NULL);
INSERT INTO ATTRIBUTES (ATTR_ID,OBJECT_ID,VALUE,DATE_VALUE,LIST_VALUE_ID) VALUES (5,19,NULL,'15.12.2017',NULL);
INSERT INTO ATTRIBUTES (ATTR_ID,OBJECT_ID,VALUE,DATE_VALUE,LIST_VALUE_ID) VALUES (6,19,'0979797933',NULL,NULL);
INSERT INTO ATTRIBUTES (ATTR_ID,OBJECT_ID,VALUE,DATE_VALUE,LIST_VALUE_ID) VALUES (8,19,NULL,NULL,2);
INSERT INTO ATTRIBUTES (ATTR_ID,OBJECT_ID,VALUE,DATE_VALUE,LIST_VALUE_ID) VALUES (9,19,NULL,NULL,0);
INSERT INTO ATTRIBUTES (ATTR_ID,OBJECT_ID,VALUE,DATE_VALUE,LIST_VALUE_ID) VALUES (10,19,'Jagger',NULL,NULL);
INSERT INTO ATTRIBUTES (ATTR_ID,OBJECT_ID,VALUE,DATE_VALUE,LIST_VALUE_ID) VALUES (11,19,'1add83078d68b4c7b4a06143a4bcdc5ff26b12ba',NULL,NULL);
--Mick
INSERT INTO ATTRIBUTES (ATTR_ID,OBJECT_ID,VALUE,DATE_VALUE,LIST_VALUE_ID) VALUES (12,19,NULL,NULL,3);
INSERT INTO ATTRIBUTES (ATTR_ID,OBJECT_ID,VALUE,DATE_VALUE,LIST_VALUE_ID) VALUES (13,19,NULL,NULL,0);

INSERT INTO OBJECTS (OBJECT_ID,PARENT_ID,OBJECT_TYPE_ID,NAME,DESCRIPTION,OBJECT_VERSION) VALUES (20,NULL,1,'Sylvester Stallone',NULL,1);
INSERT INTO ATTRIBUTES (ATTR_ID,OBJECT_ID,VALUE,DATE_VALUE,LIST_VALUE_ID) VALUES (1,20,'Stallone',NULL,NULL);
INSERT INTO ATTRIBUTES (ATTR_ID,OBJECT_ID,VALUE,DATE_VALUE,LIST_VALUE_ID) VALUES (2,20,'Sylvester',NULL,NULL);
INSERT INTO ATTRIBUTES (ATTR_ID,OBJECT_ID,VALUE,DATE_VALUE,LIST_VALUE_ID) VALUES (3,20,'sylvester.stallone@gmail.com',NULL,NULL);
INSERT INTO ATTRIBUTES (ATTR_ID,OBJECT_ID,VALUE,DATE_VALUE,LIST_VALUE_ID) VALUES (4,20,NULL,'01.04.1993',NULL);
INSERT INTO ATTRIBUTES (ATTR_ID,OBJECT_ID,VALUE,DATE_VALUE,LIST_VALUE_ID) VALUES (5,20,NULL,'10.12.2017',NULL);
INSERT INTO ATTRIBUTES (ATTR_ID,OBJECT_ID,VALUE,DATE_VALUE,LIST_VALUE_ID) VALUES (6,20,'0979797935',NULL,NULL);
INSERT INTO ATTRIBUTES (ATTR_ID,OBJECT_ID,VALUE,DATE_VALUE,LIST_VALUE_ID) VALUES (8,20,NULL,NULL,2);
INSERT INTO ATTRIBUTES (ATTR_ID,OBJECT_ID,VALUE,DATE_VALUE,LIST_VALUE_ID) VALUES (9,20,NULL,NULL,0);
INSERT INTO ATTRIBUTES (ATTR_ID,OBJECT_ID,VALUE,DATE_VALUE,LIST_VALUE_ID) VALUES (10,20,'Stallone',NULL,NULL);
INSERT INTO ATTRIBUTES (ATTR_ID,OBJECT_ID,VALUE,DATE_VALUE,LIST_VALUE_ID) VALUES (11,20,'15d40dfc56409d06341b286c27e723f94c5b4984',NULL,NULL);
--Sylvester
INSERT INTO ATTRIBUTES (ATTR_ID,OBJECT_ID,VALUE,DATE_VALUE,LIST_VALUE_ID) VALUES (12,20,NULL,NULL,3);
INSERT INTO ATTRIBUTES (ATTR_ID,OBJECT_ID,VALUE,DATE_VALUE,LIST_VALUE_ID) VALUES (13,20,NULL,NULL,0);

INSERT INTO OBJECTS (OBJECT_ID,PARENT_ID,OBJECT_TYPE_ID,NAME,DESCRIPTION,OBJECT_VERSION) VALUES (21,NULL,1,'Heath Ledger',NULL,1);
INSERT INTO ATTRIBUTES (ATTR_ID,OBJECT_ID,VALUE,DATE_VALUE,LIST_VALUE_ID) VALUES (1,21,'Ledger',NULL,NULL);
INSERT INTO ATTRIBUTES (ATTR_ID,OBJECT_ID,VALUE,DATE_VALUE,LIST_VALUE_ID) VALUES (2,21,'Heath',NULL,NULL);
INSERT INTO ATTRIBUTES (ATTR_ID,OBJECT_ID,VALUE,DATE_VALUE,LIST_VALUE_ID) VALUES (3,21,'heath.ledger@gmail.com',NULL,NULL);
INSERT INTO ATTRIBUTES (ATTR_ID,OBJECT_ID,VALUE,DATE_VALUE,LIST_VALUE_ID) VALUES (4,21,NULL,'01.04.1993',NULL);
INSERT INTO ATTRIBUTES (ATTR_ID,OBJECT_ID,VALUE,DATE_VALUE,LIST_VALUE_ID) VALUES (5,21,NULL,'10.12.2017',NULL);
INSERT INTO ATTRIBUTES (ATTR_ID,OBJECT_ID,VALUE,DATE_VALUE,LIST_VALUE_ID) VALUES (6,21,'0979797955',NULL,NULL);
INSERT INTO ATTRIBUTES (ATTR_ID,OBJECT_ID,VALUE,DATE_VALUE,LIST_VALUE_ID) VALUES (8,21,NULL,NULL,2);
INSERT INTO ATTRIBUTES (ATTR_ID,OBJECT_ID,VALUE,DATE_VALUE,LIST_VALUE_ID) VALUES (9,21,NULL,NULL,0);
INSERT INTO ATTRIBUTES (ATTR_ID,OBJECT_ID,VALUE,DATE_VALUE,LIST_VALUE_ID) VALUES (10,21,'Ledger',NULL,NULL);
INSERT INTO ATTRIBUTES (ATTR_ID,OBJECT_ID,VALUE,DATE_VALUE,LIST_VALUE_ID) VALUES (11,21,'9654834e2c0295c19a2e7e0f93b184cb9050d9e6',NULL,NULL);
--Heath
INSERT INTO ATTRIBUTES (ATTR_ID,OBJECT_ID,VALUE,DATE_VALUE,LIST_VALUE_ID) VALUES (12,21,NULL,NULL,3);
INSERT INTO ATTRIBUTES (ATTR_ID,OBJECT_ID,VALUE,DATE_VALUE,LIST_VALUE_ID) VALUES (13,21,NULL,NULL,0);


INSERT INTO OBJECTS (OBJECT_ID,PARENT_ID,OBJECT_TYPE_ID,NAME,DESCRIPTION,OBJECT_VERSION) VALUES (1,NULL,2,'Project1',NULL,1);
INSERT INTO ATTRIBUTES (ATTR_ID,OBJECT_ID,VALUE,DATE_VALUE,LIST_VALUE_ID) VALUES (14,1,'PROJECT1',NULL,NULL);
INSERT INTO ATTRIBUTES (ATTR_ID,OBJECT_ID,VALUE,DATE_VALUE,LIST_VALUE_ID) VALUES (15,1,NULL,'01.01.2018',NULL);
INSERT INTO ATTRIBUTES (ATTR_ID,OBJECT_ID,VALUE,DATE_VALUE,LIST_VALUE_ID) VALUES (16,1,NULL,'12.12.2019',NULL);
INSERT INTO ATTRIBUTES (ATTR_ID,OBJECT_ID,VALUE,DATE_VALUE,LIST_VALUE_ID) VALUES (17,1,NULL,NULL,0);
INSERT INTO OBJREFERENCE (ATTR_ID,OBJECT_ID,REFERENCE) VALUES (18,1,4);
INSERT INTO OBJREFERENCE (ATTR_ID,OBJECT_ID,REFERENCE) VALUES (19,1,5);
INSERT INTO OBJREFERENCE (ATTR_ID,OBJECT_ID,REFERENCE) VALUES (19,1,15);
INSERT INTO OBJREFERENCE (ATTR_ID,OBJECT_ID,REFERENCE) VALUES (19,1,16);
INSERT INTO OBJREFERENCE (ATTR_ID,OBJECT_ID,REFERENCE) VALUES (19,1,17);
INSERT INTO OBJREFERENCE (ATTR_ID,OBJECT_ID,REFERENCE) VALUES (19,1,18);
INSERT INTO OBJREFERENCE (ATTR_ID,OBJECT_ID,REFERENCE) VALUES (19,1,19);
INSERT INTO OBJREFERENCE (ATTR_ID,OBJECT_ID,REFERENCE) VALUES (19,1,20);
INSERT INTO OBJREFERENCE (ATTR_ID,OBJECT_ID,REFERENCE) VALUES (19,1,21);

INSERT INTO OBJECTS (OBJECT_ID,PARENT_ID,OBJECT_TYPE_ID,NAME,DESCRIPTION,OBJECT_VERSION) VALUES (34,NULL,1,'John Cena',NULL,1);
INSERT INTO ATTRIBUTES (ATTR_ID,OBJECT_ID,VALUE,DATE_VALUE,LIST_VALUE_ID) VALUES (1,34,'Cena',NULL,NULL);
INSERT INTO ATTRIBUTES (ATTR_ID,OBJECT_ID,VALUE,DATE_VALUE,LIST_VALUE_ID) VALUES (2,34,'John',NULL,NULL);
INSERT INTO ATTRIBUTES (ATTR_ID,OBJECT_ID,VALUE,DATE_VALUE,LIST_VALUE_ID) VALUES (3,34,'john.cena@gmail.com',NULL,NULL);
INSERT INTO ATTRIBUTES (ATTR_ID,OBJECT_ID,VALUE,DATE_VALUE,LIST_VALUE_ID) VALUES (4,34,NULL,'01.10.1993',NULL);
INSERT INTO ATTRIBUTES (ATTR_ID,OBJECT_ID,VALUE,DATE_VALUE,LIST_VALUE_ID) VALUES (5,34,NULL,'15.11.2017',NULL);
INSERT INTO ATTRIBUTES (ATTR_ID,OBJECT_ID,VALUE,DATE_VALUE,LIST_VALUE_ID) VALUES (6,34,'0979797955',NULL,NULL);
INSERT INTO ATTRIBUTES (ATTR_ID,OBJECT_ID,VALUE,DATE_VALUE,LIST_VALUE_ID) VALUES (8,34,NULL,NULL,0);
INSERT INTO ATTRIBUTES (ATTR_ID,OBJECT_ID,VALUE,DATE_VALUE,LIST_VALUE_ID) VALUES (9,34,NULL,NULL,0);
INSERT INTO ATTRIBUTES (ATTR_ID,OBJECT_ID,VALUE,DATE_VALUE,LIST_VALUE_ID) VALUES (10,34,'John',NULL,NULL);
INSERT INTO ATTRIBUTES (ATTR_ID,OBJECT_ID,VALUE,DATE_VALUE,LIST_VALUE_ID) VALUES (11,34,'88702fbea477da335060b4dbec830a123c0ea022',NULL,NULL);
--Cena
INSERT INTO ATTRIBUTES (ATTR_ID,OBJECT_ID,VALUE,DATE_VALUE,LIST_VALUE_ID) VALUES (12,34,NULL,NULL,1);
INSERT INTO ATTRIBUTES (ATTR_ID,OBJECT_ID,VALUE,DATE_VALUE,LIST_VALUE_ID) VALUES (13,34,NULL,NULL,0);

INSERT INTO OBJECTS (OBJECT_ID,PARENT_ID,OBJECT_TYPE_ID,NAME,DESCRIPTION,OBJECT_VERSION) VALUES (33,NULL,1,'Christian Bale',NULL,1);
INSERT INTO ATTRIBUTES (ATTR_ID,OBJECT_ID,VALUE,DATE_VALUE,LIST_VALUE_ID) VALUES (1,33,'Bale',NULL,NULL);
INSERT INTO ATTRIBUTES (ATTR_ID,OBJECT_ID,VALUE,DATE_VALUE,LIST_VALUE_ID) VALUES (2,33,'Christian',NULL,NULL);
INSERT INTO ATTRIBUTES (ATTR_ID,OBJECT_ID,VALUE,DATE_VALUE,LIST_VALUE_ID) VALUES (3,33,'christian.bale@gmail.com',NULL,NULL);
INSERT INTO ATTRIBUTES (ATTR_ID,OBJECT_ID,VALUE,DATE_VALUE,LIST_VALUE_ID) VALUES (4,33,NULL,'01.10.1993',NULL);
INSERT INTO ATTRIBUTES (ATTR_ID,OBJECT_ID,VALUE,DATE_VALUE,LIST_VALUE_ID) VALUES (5,33,NULL,'15.12.2017',NULL);
INSERT INTO ATTRIBUTES (ATTR_ID,OBJECT_ID,VALUE,DATE_VALUE,LIST_VALUE_ID) VALUES (6,33,'0979797955',NULL,NULL);
INSERT INTO ATTRIBUTES (ATTR_ID,OBJECT_ID,VALUE,DATE_VALUE,LIST_VALUE_ID) VALUES (8,33,NULL,NULL,2);
INSERT INTO ATTRIBUTES (ATTR_ID,OBJECT_ID,VALUE,DATE_VALUE,LIST_VALUE_ID) VALUES (9,33,NULL,NULL,0);
INSERT INTO ATTRIBUTES (ATTR_ID,OBJECT_ID,VALUE,DATE_VALUE,LIST_VALUE_ID) VALUES (10,33,'Bale',NULL,NULL);
INSERT INTO ATTRIBUTES (ATTR_ID,OBJECT_ID,VALUE,DATE_VALUE,LIST_VALUE_ID) VALUES (11,33,'27d49d5dbe73b65b914d0b1687a345e2dd67fba9',NULL,NULL);
--Christian
INSERT INTO ATTRIBUTES (ATTR_ID,OBJECT_ID,VALUE,DATE_VALUE,LIST_VALUE_ID) VALUES (12,33,NULL,NULL,3);
INSERT INTO ATTRIBUTES (ATTR_ID,OBJECT_ID,VALUE,DATE_VALUE,LIST_VALUE_ID) VALUES (13,33,NULL,NULL,0);

INSERT INTO OBJECTS (OBJECT_ID,PARENT_ID,OBJECT_TYPE_ID,NAME,DESCRIPTION,OBJECT_VERSION) VALUES (35,NULL,1,'Darth Vader',NULL,1);
INSERT INTO ATTRIBUTES (ATTR_ID,OBJECT_ID,VALUE,DATE_VALUE,LIST_VALUE_ID) VALUES (1,35,'Vader',NULL,NULL);
INSERT INTO ATTRIBUTES (ATTR_ID,OBJECT_ID,VALUE,DATE_VALUE,LIST_VALUE_ID) VALUES (2,35,'Darth',NULL,NULL);
INSERT INTO ATTRIBUTES (ATTR_ID,OBJECT_ID,VALUE,DATE_VALUE,LIST_VALUE_ID) VALUES (3,35,'darth.vader@gmail.com',NULL,NULL);
INSERT INTO ATTRIBUTES (ATTR_ID,OBJECT_ID,VALUE,DATE_VALUE,LIST_VALUE_ID) VALUES (4,35,NULL,'20.12.1996',NULL);
INSERT INTO ATTRIBUTES (ATTR_ID,OBJECT_ID,VALUE,DATE_VALUE,LIST_VALUE_ID) VALUES (5,35,NULL,'15.12.2017',NULL);
INSERT INTO ATTRIBUTES (ATTR_ID,OBJECT_ID,VALUE,DATE_VALUE,LIST_VALUE_ID) VALUES (6,35,'0979797935',NULL,NULL);
INSERT INTO ATTRIBUTES (ATTR_ID,OBJECT_ID,VALUE,DATE_VALUE,LIST_VALUE_ID) VALUES (8,35,NULL,NULL,2);
INSERT INTO ATTRIBUTES (ATTR_ID,OBJECT_ID,VALUE,DATE_VALUE,LIST_VALUE_ID) VALUES (9,35,NULL,NULL,0);
INSERT INTO ATTRIBUTES (ATTR_ID,OBJECT_ID,VALUE,DATE_VALUE,LIST_VALUE_ID) VALUES (10,35,'Vader',NULL,NULL);
INSERT INTO ATTRIBUTES (ATTR_ID,OBJECT_ID,VALUE,DATE_VALUE,LIST_VALUE_ID) VALUES (11,35,'5877b567e461331ec5bc3555a1b5feab687a01f3',NULL,NULL);
--Darth
INSERT INTO ATTRIBUTES (ATTR_ID,OBJECT_ID,VALUE,DATE_VALUE,LIST_VALUE_ID) VALUES (12,35,NULL,NULL,3);
INSERT INTO ATTRIBUTES (ATTR_ID,OBJECT_ID,VALUE,DATE_VALUE,LIST_VALUE_ID) VALUES (13,35,NULL,NULL,0);

INSERT INTO OBJECTS (OBJECT_ID,PARENT_ID,OBJECT_TYPE_ID,NAME,DESCRIPTION,OBJECT_VERSION) VALUES (36,NULL,1,'Gary Leonard Oldman',NULL,1);
INSERT INTO ATTRIBUTES (ATTR_ID,OBJECT_ID,VALUE,DATE_VALUE,LIST_VALUE_ID) VALUES (1,36,'Oldman',NULL,NULL);
INSERT INTO ATTRIBUTES (ATTR_ID,OBJECT_ID,VALUE,DATE_VALUE,LIST_VALUE_ID) VALUES (2,36,'Gary',NULL,NULL);
INSERT INTO ATTRIBUTES (ATTR_ID,OBJECT_ID,VALUE,DATE_VALUE,LIST_VALUE_ID) VALUES (3,36,'gary.oldman@gmail.com',NULL,NULL);
INSERT INTO ATTRIBUTES (ATTR_ID,OBJECT_ID,VALUE,DATE_VALUE,LIST_VALUE_ID) VALUES (4,36,NULL,'20.12.1997',NULL);
INSERT INTO ATTRIBUTES (ATTR_ID,OBJECT_ID,VALUE,DATE_VALUE,LIST_VALUE_ID) VALUES (5,36,NULL,'15.12.2017',NULL);
INSERT INTO ATTRIBUTES (ATTR_ID,OBJECT_ID,VALUE,DATE_VALUE,LIST_VALUE_ID) VALUES (6,36,'0979797935',NULL,NULL);
INSERT INTO ATTRIBUTES (ATTR_ID,OBJECT_ID,VALUE,DATE_VALUE,LIST_VALUE_ID) VALUES (8,36,NULL,NULL,2);
INSERT INTO ATTRIBUTES (ATTR_ID,OBJECT_ID,VALUE,DATE_VALUE,LIST_VALUE_ID) VALUES (9,36,NULL,NULL,0);
INSERT INTO ATTRIBUTES (ATTR_ID,OBJECT_ID,VALUE,DATE_VALUE,LIST_VALUE_ID) VALUES (10,36,'Gary',NULL,NULL);
INSERT INTO ATTRIBUTES (ATTR_ID,OBJECT_ID,VALUE,DATE_VALUE,LIST_VALUE_ID) VALUES (11,36,'65bec41cf803b186a514031b70ae1e79bce9db46',NULL,NULL);
--Oldman
INSERT INTO ATTRIBUTES (ATTR_ID,OBJECT_ID,VALUE,DATE_VALUE,LIST_VALUE_ID) VALUES (12,36,NULL,NULL,3);
INSERT INTO ATTRIBUTES (ATTR_ID,OBJECT_ID,VALUE,DATE_VALUE,LIST_VALUE_ID) VALUES (13,36,NULL,NULL,0);

INSERT INTO OBJECTS (OBJECT_ID,PARENT_ID,OBJECT_TYPE_ID,NAME,DESCRIPTION,OBJECT_VERSION) VALUES (37,NULL,1,'Sir Alex Ferguson',NULL,1);
INSERT INTO ATTRIBUTES (ATTR_ID,OBJECT_ID,VALUE,DATE_VALUE,LIST_VALUE_ID) VALUES (1,37,'Ferguson',NULL,NULL);
INSERT INTO ATTRIBUTES (ATTR_ID,OBJECT_ID,VALUE,DATE_VALUE,LIST_VALUE_ID) VALUES (2,37,'Alex',NULL,NULL);
INSERT INTO ATTRIBUTES (ATTR_ID,OBJECT_ID,VALUE,DATE_VALUE,LIST_VALUE_ID) VALUES (3,37,'sir.alex.ferguson@gmail.com',NULL,NULL);
INSERT INTO ATTRIBUTES (ATTR_ID,OBJECT_ID,VALUE,DATE_VALUE,LIST_VALUE_ID) VALUES (4,37,NULL,'20.12.1994',NULL);
INSERT INTO ATTRIBUTES (ATTR_ID,OBJECT_ID,VALUE,DATE_VALUE,LIST_VALUE_ID) VALUES (5,37,NULL,'15.12.2017',NULL);
INSERT INTO ATTRIBUTES (ATTR_ID,OBJECT_ID,VALUE,DATE_VALUE,LIST_VALUE_ID) VALUES (6,37,'0979797943',NULL,NULL);
INSERT INTO ATTRIBUTES (ATTR_ID,OBJECT_ID,VALUE,DATE_VALUE,LIST_VALUE_ID) VALUES (8,37,NULL,NULL,2);
INSERT INTO ATTRIBUTES (ATTR_ID,OBJECT_ID,VALUE,DATE_VALUE,LIST_VALUE_ID) VALUES (9,37,NULL,NULL,0);
INSERT INTO ATTRIBUTES (ATTR_ID,OBJECT_ID,VALUE,DATE_VALUE,LIST_VALUE_ID) VALUES (10,37,'Ferguson',NULL,NULL);
INSERT INTO ATTRIBUTES (ATTR_ID,OBJECT_ID,VALUE,DATE_VALUE,LIST_VALUE_ID) VALUES (11,37,'64542dbabb81dfd446e0cf4f319567c72ee57c7b',NULL,NULL);
--Alex
INSERT INTO ATTRIBUTES (ATTR_ID,OBJECT_ID,VALUE,DATE_VALUE,LIST_VALUE_ID) VALUES (12,37,NULL,NULL,3);
INSERT INTO ATTRIBUTES (ATTR_ID,OBJECT_ID,VALUE,DATE_VALUE,LIST_VALUE_ID) VALUES (13,37,NULL,NULL,0);

INSERT INTO OBJECTS (OBJECT_ID,PARENT_ID,OBJECT_TYPE_ID,NAME,DESCRIPTION,OBJECT_VERSION) VALUES (38,NULL,1,'Andrea Pirlo',NULL,1);
INSERT INTO ATTRIBUTES (ATTR_ID,OBJECT_ID,VALUE,DATE_VALUE,LIST_VALUE_ID) VALUES (1,38,'Pirlo',NULL,NULL);
INSERT INTO ATTRIBUTES (ATTR_ID,OBJECT_ID,VALUE,DATE_VALUE,LIST_VALUE_ID) VALUES (2,38,'Andrea',NULL,NULL);
INSERT INTO ATTRIBUTES (ATTR_ID,OBJECT_ID,VALUE,DATE_VALUE,LIST_VALUE_ID) VALUES (3,38,'pirlo.andrea@gmail.com',NULL,NULL);
INSERT INTO ATTRIBUTES (ATTR_ID,OBJECT_ID,VALUE,DATE_VALUE,LIST_VALUE_ID) VALUES (4,38,NULL,'20.12.1988',NULL);
INSERT INTO ATTRIBUTES (ATTR_ID,OBJECT_ID,VALUE,DATE_VALUE,LIST_VALUE_ID) VALUES (5,38,NULL,'15.11.2017',NULL);
INSERT INTO ATTRIBUTES (ATTR_ID,OBJECT_ID,VALUE,DATE_VALUE,LIST_VALUE_ID) VALUES (6,38,'0979797943',NULL,NULL);
INSERT INTO ATTRIBUTES (ATTR_ID,OBJECT_ID,VALUE,DATE_VALUE,LIST_VALUE_ID) VALUES (8,38,NULL,NULL,2);
INSERT INTO ATTRIBUTES (ATTR_ID,OBJECT_ID,VALUE,DATE_VALUE,LIST_VALUE_ID) VALUES (9,38,NULL,NULL,0);
INSERT INTO ATTRIBUTES (ATTR_ID,OBJECT_ID,VALUE,DATE_VALUE,LIST_VALUE_ID) VALUES (10,38,'Pirlo',NULL,NULL);
INSERT INTO ATTRIBUTES (ATTR_ID,OBJECT_ID,VALUE,DATE_VALUE,LIST_VALUE_ID) VALUES (11,38,'cc042292474fdb5897142258e697ba0f8b94115b',NULL,NULL);
--Andrea
INSERT INTO ATTRIBUTES (ATTR_ID,OBJECT_ID,VALUE,DATE_VALUE,LIST_VALUE_ID) VALUES (12,38,NULL,NULL,3);
INSERT INTO ATTRIBUTES (ATTR_ID,OBJECT_ID,VALUE,DATE_VALUE,LIST_VALUE_ID) VALUES (13,38,NULL,NULL,0);

INSERT INTO OBJECTS (OBJECT_ID,PARENT_ID,OBJECT_TYPE_ID,NAME,DESCRIPTION,OBJECT_VERSION) VALUES (39,NULL,1,'Zinedine Zidane',NULL,1);
INSERT INTO ATTRIBUTES (ATTR_ID,OBJECT_ID,VALUE,DATE_VALUE,LIST_VALUE_ID) VALUES (1,39,'Zidane',NULL,NULL);
INSERT INTO ATTRIBUTES (ATTR_ID,OBJECT_ID,VALUE,DATE_VALUE,LIST_VALUE_ID) VALUES (2,39,'Zinedine',NULL,NULL);
INSERT INTO ATTRIBUTES (ATTR_ID,OBJECT_ID,VALUE,DATE_VALUE,LIST_VALUE_ID) VALUES (3,39,'zinedine.zidane@gmail.com',NULL,NULL);
INSERT INTO ATTRIBUTES (ATTR_ID,OBJECT_ID,VALUE,DATE_VALUE,LIST_VALUE_ID) VALUES (4,39,NULL,'20.12.1995',NULL);
INSERT INTO ATTRIBUTES (ATTR_ID,OBJECT_ID,VALUE,DATE_VALUE,LIST_VALUE_ID) VALUES (5,39,NULL,'15.11.2017',NULL);
INSERT INTO ATTRIBUTES (ATTR_ID,OBJECT_ID,VALUE,DATE_VALUE,LIST_VALUE_ID) VALUES (6,39,'0979797943',NULL,NULL);
INSERT INTO ATTRIBUTES (ATTR_ID,OBJECT_ID,VALUE,DATE_VALUE,LIST_VALUE_ID) VALUES (8,39,NULL,NULL,2);
INSERT INTO ATTRIBUTES (ATTR_ID,OBJECT_ID,VALUE,DATE_VALUE,LIST_VALUE_ID) VALUES (9,39,NULL,NULL,0);
INSERT INTO ATTRIBUTES (ATTR_ID,OBJECT_ID,VALUE,DATE_VALUE,LIST_VALUE_ID) VALUES (10,39,'Zidane',NULL,NULL);
INSERT INTO ATTRIBUTES (ATTR_ID,OBJECT_ID,VALUE,DATE_VALUE,LIST_VALUE_ID) VALUES (11,39,'58318292557747f68177ce8f714192bd14057447',NULL,NULL);
--Zinedine
INSERT INTO ATTRIBUTES (ATTR_ID,OBJECT_ID,VALUE,DATE_VALUE,LIST_VALUE_ID) VALUES (12,39,NULL,NULL,3);
INSERT INTO ATTRIBUTES (ATTR_ID,OBJECT_ID,VALUE,DATE_VALUE,LIST_VALUE_ID) VALUES (13,39,NULL,NULL,0);

INSERT INTO OBJECTS (OBJECT_ID,PARENT_ID,OBJECT_TYPE_ID,NAME,DESCRIPTION,OBJECT_VERSION) VALUES (40,NULL,1,'Luis Figo',NULL,1);
INSERT INTO ATTRIBUTES (ATTR_ID,OBJECT_ID,VALUE,DATE_VALUE,LIST_VALUE_ID) VALUES (1,40,'Figo',NULL,NULL);
INSERT INTO ATTRIBUTES (ATTR_ID,OBJECT_ID,VALUE,DATE_VALUE,LIST_VALUE_ID) VALUES (2,40,'Luis',NULL,NULL);
INSERT INTO ATTRIBUTES (ATTR_ID,OBJECT_ID,VALUE,DATE_VALUE,LIST_VALUE_ID) VALUES (3,40,'luis.figo@gmail.com',NULL,NULL);
INSERT INTO ATTRIBUTES (ATTR_ID,OBJECT_ID,VALUE,DATE_VALUE,LIST_VALUE_ID) VALUES (4,40,NULL,'20.08.1993',NULL);
INSERT INTO ATTRIBUTES (ATTR_ID,OBJECT_ID,VALUE,DATE_VALUE,LIST_VALUE_ID) VALUES (5,40,NULL,'19.12.2017',NULL);
INSERT INTO ATTRIBUTES (ATTR_ID,OBJECT_ID,VALUE,DATE_VALUE,LIST_VALUE_ID) VALUES (6,40,'0979795443',NULL,NULL);
INSERT INTO ATTRIBUTES (ATTR_ID,OBJECT_ID,VALUE,DATE_VALUE,LIST_VALUE_ID) VALUES (8,40,NULL,NULL,2);
INSERT INTO ATTRIBUTES (ATTR_ID,OBJECT_ID,VALUE,DATE_VALUE,LIST_VALUE_ID) VALUES (9,40,NULL,NULL,0);
INSERT INTO ATTRIBUTES (ATTR_ID,OBJECT_ID,VALUE,DATE_VALUE,LIST_VALUE_ID) VALUES (10,40,'Figo',NULL,NULL);
INSERT INTO ATTRIBUTES (ATTR_ID,OBJECT_ID,VALUE,DATE_VALUE,LIST_VALUE_ID) VALUES (11,40,'54ba42922810ea81e18e18c1e1233676a8557443',NULL,NULL);
--Luis
INSERT INTO ATTRIBUTES (ATTR_ID,OBJECT_ID,VALUE,DATE_VALUE,LIST_VALUE_ID) VALUES (12,40,NULL,NULL,3);
INSERT INTO ATTRIBUTES (ATTR_ID,OBJECT_ID,VALUE,DATE_VALUE,LIST_VALUE_ID) VALUES (13,40,NULL,NULL,0);

INSERT INTO OBJECTS (OBJECT_ID,PARENT_ID,OBJECT_TYPE_ID,NAME,DESCRIPTION,OBJECT_VERSION) VALUES (2,NULL,2,'Project2',NULL,1);
INSERT INTO ATTRIBUTES (ATTR_ID,OBJECT_ID,VALUE,DATE_VALUE,LIST_VALUE_ID) VALUES (14,2,'PROJECT2',NULL,NULL);
INSERT INTO ATTRIBUTES (ATTR_ID,OBJECT_ID,VALUE,DATE_VALUE,LIST_VALUE_ID) VALUES (15,2,NULL,'01.01.2018',NULL);
INSERT INTO ATTRIBUTES (ATTR_ID,OBJECT_ID,VALUE,DATE_VALUE,LIST_VALUE_ID) VALUES (16,2,NULL,'12.12.2020',NULL);
INSERT INTO ATTRIBUTES (ATTR_ID,OBJECT_ID,VALUE,DATE_VALUE,LIST_VALUE_ID) VALUES (17,2,NULL,NULL,0);
INSERT INTO OBJREFERENCE (ATTR_ID,OBJECT_ID,REFERENCE) VALUES (18,2,34);
INSERT INTO OBJREFERENCE (ATTR_ID,OBJECT_ID,REFERENCE) VALUES (19,2,33);
INSERT INTO OBJREFERENCE (ATTR_ID,OBJECT_ID,REFERENCE) VALUES (19,2,35);
INSERT INTO OBJREFERENCE (ATTR_ID,OBJECT_ID,REFERENCE) VALUES (19,2,36);
INSERT INTO OBJREFERENCE (ATTR_ID,OBJECT_ID,REFERENCE) VALUES (19,2,37);
INSERT INTO OBJREFERENCE (ATTR_ID,OBJECT_ID,REFERENCE) VALUES (19,2,38);
INSERT INTO OBJREFERENCE (ATTR_ID,OBJECT_ID,REFERENCE) VALUES (19,2,39);
INSERT INTO OBJREFERENCE (ATTR_ID,OBJECT_ID,REFERENCE) VALUES (19,2,40);

INSERT INTO OBJECTS (OBJECT_ID,PARENT_ID,OBJECT_TYPE_ID,NAME,DESCRIPTION,OBJECT_VERSION) VALUES (61,NULL,1,'David Beckham',NULL,1);
INSERT INTO ATTRIBUTES (ATTR_ID,OBJECT_ID,VALUE,DATE_VALUE,LIST_VALUE_ID) VALUES (1,61,'Beckham',NULL,NULL);
INSERT INTO ATTRIBUTES (ATTR_ID,OBJECT_ID,VALUE,DATE_VALUE,LIST_VALUE_ID) VALUES (2,61,'David',NULL,NULL);
INSERT INTO ATTRIBUTES (ATTR_ID,OBJECT_ID,VALUE,DATE_VALUE,LIST_VALUE_ID) VALUES (3,61,'david.beckham@gmail.com',NULL,NULL);
INSERT INTO ATTRIBUTES (ATTR_ID,OBJECT_ID,VALUE,DATE_VALUE,LIST_VALUE_ID) VALUES (4,61,NULL,'20.08.1990',NULL);
INSERT INTO ATTRIBUTES (ATTR_ID,OBJECT_ID,VALUE,DATE_VALUE,LIST_VALUE_ID) VALUES (5,61,NULL,'10.01.2018',NULL);
INSERT INTO ATTRIBUTES (ATTR_ID,OBJECT_ID,VALUE,DATE_VALUE,LIST_VALUE_ID) VALUES (6,61,'0979795446',NULL,NULL);
INSERT INTO ATTRIBUTES (ATTR_ID,OBJECT_ID,VALUE,DATE_VALUE,LIST_VALUE_ID) VALUES (8,61,NULL,NULL,0);
INSERT INTO ATTRIBUTES (ATTR_ID,OBJECT_ID,VALUE,DATE_VALUE,LIST_VALUE_ID) VALUES (9,61,NULL,NULL,1);
INSERT INTO ATTRIBUTES (ATTR_ID,OBJECT_ID,VALUE,DATE_VALUE,LIST_VALUE_ID) VALUES (10,61,'Beckham',NULL,NULL);
INSERT INTO ATTRIBUTES (ATTR_ID,OBJECT_ID,VALUE,DATE_VALUE,LIST_VALUE_ID) VALUES (11,61,'d27937f914ebe99ee315f04449678eccfb658191',NULL,NULL);
--David
INSERT INTO ATTRIBUTES (ATTR_ID,OBJECT_ID,VALUE,DATE_VALUE,LIST_VALUE_ID) VALUES (12,61,NULL,NULL,1);
INSERT INTO ATTRIBUTES (ATTR_ID,OBJECT_ID,VALUE,DATE_VALUE,LIST_VALUE_ID) VALUES (13,61,NULL,NULL,0);

INSERT INTO OBJECTS (OBJECT_ID,PARENT_ID,OBJECT_TYPE_ID,NAME,DESCRIPTION,OBJECT_VERSION) VALUES (62,NULL,1,'Eric Cantona',NULL,1);
INSERT INTO ATTRIBUTES (ATTR_ID,OBJECT_ID,VALUE,DATE_VALUE,LIST_VALUE_ID) VALUES (1,62,'Cantona',NULL,NULL);
INSERT INTO ATTRIBUTES (ATTR_ID,OBJECT_ID,VALUE,DATE_VALUE,LIST_VALUE_ID) VALUES (2,62,'Eric',NULL,NULL);
INSERT INTO ATTRIBUTES (ATTR_ID,OBJECT_ID,VALUE,DATE_VALUE,LIST_VALUE_ID) VALUES (3,62,'eric.cantona@gmail.com',NULL,NULL);
INSERT INTO ATTRIBUTES (ATTR_ID,OBJECT_ID,VALUE,DATE_VALUE,LIST_VALUE_ID) VALUES (4,62,NULL,'20.08.1990',NULL);
INSERT INTO ATTRIBUTES (ATTR_ID,OBJECT_ID,VALUE,DATE_VALUE,LIST_VALUE_ID) VALUES (5,62,NULL,'10.01.2018',NULL);
INSERT INTO ATTRIBUTES (ATTR_ID,OBJECT_ID,VALUE,DATE_VALUE,LIST_VALUE_ID) VALUES (6,62,'0979795446',NULL,NULL);
INSERT INTO ATTRIBUTES (ATTR_ID,OBJECT_ID,VALUE,DATE_VALUE,LIST_VALUE_ID) VALUES (8,62,NULL,NULL,0);
INSERT INTO ATTRIBUTES (ATTR_ID,OBJECT_ID,VALUE,DATE_VALUE,LIST_VALUE_ID) VALUES (9,62,NULL,NULL,1);
INSERT INTO ATTRIBUTES (ATTR_ID,OBJECT_ID,VALUE,DATE_VALUE,LIST_VALUE_ID) VALUES (10,62,'Cantona',NULL,NULL);
INSERT INTO ATTRIBUTES (ATTR_ID,OBJECT_ID,VALUE,DATE_VALUE,LIST_VALUE_ID) VALUES (11,62,'6d0e5951f2a9d928c1d17b25d57f0461296048e6',NULL,NULL);
--Eric
INSERT INTO ATTRIBUTES (ATTR_ID,OBJECT_ID,VALUE,DATE_VALUE,LIST_VALUE_ID) VALUES (12,62,NULL,NULL,1);
INSERT INTO ATTRIBUTES (ATTR_ID,OBJECT_ID,VALUE,DATE_VALUE,LIST_VALUE_ID) VALUES (13,62,NULL,NULL,0);

INSERT INTO OBJECTS (OBJECT_ID,PARENT_ID,OBJECT_TYPE_ID,NAME,DESCRIPTION,OBJECT_VERSION) VALUES (63,NULL,1,'Lionel Messi',NULL,1);
INSERT INTO ATTRIBUTES (ATTR_ID,OBJECT_ID,VALUE,DATE_VALUE,LIST_VALUE_ID) VALUES (1,63,'Messi',NULL,NULL);
INSERT INTO ATTRIBUTES (ATTR_ID,OBJECT_ID,VALUE,DATE_VALUE,LIST_VALUE_ID) VALUES (2,63,'Lionel',NULL,NULL);
INSERT INTO ATTRIBUTES (ATTR_ID,OBJECT_ID,VALUE,DATE_VALUE,LIST_VALUE_ID) VALUES (3,63,'leonel.messi@gmail.com',NULL,NULL);
INSERT INTO ATTRIBUTES (ATTR_ID,OBJECT_ID,VALUE,DATE_VALUE,LIST_VALUE_ID) VALUES (4,63,NULL,'19.03.1990',NULL);
INSERT INTO ATTRIBUTES (ATTR_ID,OBJECT_ID,VALUE,DATE_VALUE,LIST_VALUE_ID) VALUES (5,63,NULL,'10.01.2018',NULL);
INSERT INTO ATTRIBUTES (ATTR_ID,OBJECT_ID,VALUE,DATE_VALUE,LIST_VALUE_ID) VALUES (6,63,'0979795446',NULL,NULL);
INSERT INTO ATTRIBUTES (ATTR_ID,OBJECT_ID,VALUE,DATE_VALUE,LIST_VALUE_ID) VALUES (8,63,NULL,NULL,1);
INSERT INTO ATTRIBUTES (ATTR_ID,OBJECT_ID,VALUE,DATE_VALUE,LIST_VALUE_ID) VALUES (9,63,NULL,NULL,1);
INSERT INTO ATTRIBUTES (ATTR_ID,OBJECT_ID,VALUE,DATE_VALUE,LIST_VALUE_ID) VALUES (10,63,'Lionel',NULL,NULL);
INSERT INTO ATTRIBUTES (ATTR_ID,OBJECT_ID,VALUE,DATE_VALUE,LIST_VALUE_ID) VALUES (11,63,'19cafdab91ab9eb65923124c60f32646279451bd',NULL,NULL);
--Messi
INSERT INTO ATTRIBUTES (ATTR_ID,OBJECT_ID,VALUE,DATE_VALUE,LIST_VALUE_ID) VALUES (12,63,NULL,NULL,2);
INSERT INTO ATTRIBUTES (ATTR_ID,OBJECT_ID,VALUE,DATE_VALUE,LIST_VALUE_ID) VALUES (13,63,NULL,NULL,0);

INSERT INTO OBJECTS (OBJECT_ID,PARENT_ID,OBJECT_TYPE_ID,NAME,DESCRIPTION,OBJECT_VERSION) VALUES (64,NULL,1,'Thiery Henry',NULL,1);
INSERT INTO ATTRIBUTES (ATTR_ID,OBJECT_ID,VALUE,DATE_VALUE,LIST_VALUE_ID) VALUES (1,64,'Henry',NULL,NULL);
INSERT INTO ATTRIBUTES (ATTR_ID,OBJECT_ID,VALUE,DATE_VALUE,LIST_VALUE_ID) VALUES (2,64,'Thiery',NULL,NULL);
INSERT INTO ATTRIBUTES (ATTR_ID,OBJECT_ID,VALUE,DATE_VALUE,LIST_VALUE_ID) VALUES (3,64,'thiery.henry@gmail.com',NULL,NULL);
INSERT INTO ATTRIBUTES (ATTR_ID,OBJECT_ID,VALUE,DATE_VALUE,LIST_VALUE_ID) VALUES (4,64,NULL,'19.03.1987',NULL);
INSERT INTO ATTRIBUTES (ATTR_ID,OBJECT_ID,VALUE,DATE_VALUE,LIST_VALUE_ID) VALUES (5,64,NULL,'01.01.2018',NULL);
INSERT INTO ATTRIBUTES (ATTR_ID,OBJECT_ID,VALUE,DATE_VALUE,LIST_VALUE_ID) VALUES (6,64,'0979795446',NULL,NULL);
INSERT INTO ATTRIBUTES (ATTR_ID,OBJECT_ID,VALUE,DATE_VALUE,LIST_VALUE_ID) VALUES (8,64,NULL,NULL,1);
INSERT INTO ATTRIBUTES (ATTR_ID,OBJECT_ID,VALUE,DATE_VALUE,LIST_VALUE_ID) VALUES (9,64,NULL,NULL,1);
INSERT INTO ATTRIBUTES (ATTR_ID,OBJECT_ID,VALUE,DATE_VALUE,LIST_VALUE_ID) VALUES (10,64,'Henry',NULL,NULL);
INSERT INTO ATTRIBUTES (ATTR_ID,OBJECT_ID,VALUE,DATE_VALUE,LIST_VALUE_ID) VALUES (11,64,'12c06e5763c4db61fb4e4c7d6ba36848144ab04b',NULL,NULL);
--Thiery
INSERT INTO ATTRIBUTES (ATTR_ID,OBJECT_ID,VALUE,DATE_VALUE,LIST_VALUE_ID) VALUES (12,64,NULL,NULL,2);
INSERT INTO ATTRIBUTES (ATTR_ID,OBJECT_ID,VALUE,DATE_VALUE,LIST_VALUE_ID) VALUES (13,64,NULL,NULL,0);

INSERT INTO OBJECTS (OBJECT_ID,PARENT_ID,OBJECT_TYPE_ID,NAME,DESCRIPTION,OBJECT_VERSION) VALUES (65,NULL,1,'Thomas Muller',NULL,1);
INSERT INTO ATTRIBUTES (ATTR_ID,OBJECT_ID,VALUE,DATE_VALUE,LIST_VALUE_ID) VALUES (1,65,'Muller',NULL,NULL);
INSERT INTO ATTRIBUTES (ATTR_ID,OBJECT_ID,VALUE,DATE_VALUE,LIST_VALUE_ID) VALUES (2,65,'Thomas',NULL,NULL);
INSERT INTO ATTRIBUTES (ATTR_ID,OBJECT_ID,VALUE,DATE_VALUE,LIST_VALUE_ID) VALUES (3,65,'thomas.muller@gmail.com',NULL,NULL);
INSERT INTO ATTRIBUTES (ATTR_ID,OBJECT_ID,VALUE,DATE_VALUE,LIST_VALUE_ID) VALUES (4,65,NULL,'19.03.1989',NULL);
INSERT INTO ATTRIBUTES (ATTR_ID,OBJECT_ID,VALUE,DATE_VALUE,LIST_VALUE_ID) VALUES (5,65,NULL,'01.01.2018',NULL);
INSERT INTO ATTRIBUTES (ATTR_ID,OBJECT_ID,VALUE,DATE_VALUE,LIST_VALUE_ID) VALUES (6,65,'0979795446',NULL,NULL);
INSERT INTO ATTRIBUTES (ATTR_ID,OBJECT_ID,VALUE,DATE_VALUE,LIST_VALUE_ID) VALUES (8,65,NULL,NULL,2);
INSERT INTO ATTRIBUTES (ATTR_ID,OBJECT_ID,VALUE,DATE_VALUE,LIST_VALUE_ID) VALUES (9,65,NULL,NULL,1);
INSERT INTO ATTRIBUTES (ATTR_ID,OBJECT_ID,VALUE,DATE_VALUE,LIST_VALUE_ID) VALUES (10,65,'Thomas',NULL,NULL);
INSERT INTO ATTRIBUTES (ATTR_ID,OBJECT_ID,VALUE,DATE_VALUE,LIST_VALUE_ID) VALUES (11,65,'a4fd39ffd471ca346cb6c0bd1482435e57372ec6',NULL,NULL);
--Muller
INSERT INTO ATTRIBUTES (ATTR_ID,OBJECT_ID,VALUE,DATE_VALUE,LIST_VALUE_ID) VALUES (12,65,NULL,NULL,3);
INSERT INTO ATTRIBUTES (ATTR_ID,OBJECT_ID,VALUE,DATE_VALUE,LIST_VALUE_ID) VALUES (13,65,NULL,NULL,0);

INSERT INTO OBJECTS (OBJECT_ID,PARENT_ID,OBJECT_TYPE_ID,NAME,DESCRIPTION,OBJECT_VERSION) VALUES (66,NULL,1,'Paul Pogba',NULL,1);
INSERT INTO ATTRIBUTES (ATTR_ID,OBJECT_ID,VALUE,DATE_VALUE,LIST_VALUE_ID) VALUES (1,66,'Pogba',NULL,NULL);
INSERT INTO ATTRIBUTES (ATTR_ID,OBJECT_ID,VALUE,DATE_VALUE,LIST_VALUE_ID) VALUES (2,66,'Paul',NULL,NULL);
INSERT INTO ATTRIBUTES (ATTR_ID,OBJECT_ID,VALUE,DATE_VALUE,LIST_VALUE_ID) VALUES (3,66,'paul.pogba@gmail.com',NULL,NULL);
INSERT INTO ATTRIBUTES (ATTR_ID,OBJECT_ID,VALUE,DATE_VALUE,LIST_VALUE_ID) VALUES (4,66,NULL,'19.03.1990',NULL);
INSERT INTO ATTRIBUTES (ATTR_ID,OBJECT_ID,VALUE,DATE_VALUE,LIST_VALUE_ID) VALUES (5,66,NULL,'01.01.2018',NULL);
INSERT INTO ATTRIBUTES (ATTR_ID,OBJECT_ID,VALUE,DATE_VALUE,LIST_VALUE_ID) VALUES (6,66,'0979795446',NULL,NULL);
INSERT INTO ATTRIBUTES (ATTR_ID,OBJECT_ID,VALUE,DATE_VALUE,LIST_VALUE_ID) VALUES (8,66,NULL,NULL,2);
INSERT INTO ATTRIBUTES (ATTR_ID,OBJECT_ID,VALUE,DATE_VALUE,LIST_VALUE_ID) VALUES (9,66,NULL,NULL,1);
INSERT INTO ATTRIBUTES (ATTR_ID,OBJECT_ID,VALUE,DATE_VALUE,LIST_VALUE_ID) VALUES (10,66,'Pogba',NULL,NULL);
INSERT INTO ATTRIBUTES (ATTR_ID,OBJECT_ID,VALUE,DATE_VALUE,LIST_VALUE_ID) VALUES (11,66,'c3687ab9880c26dfe7ab966a8a1701b5e017c2ff',NULL,NULL);
--Paul
INSERT INTO ATTRIBUTES (ATTR_ID,OBJECT_ID,VALUE,DATE_VALUE,LIST_VALUE_ID) VALUES (12,66,NULL,NULL,3);
INSERT INTO ATTRIBUTES (ATTR_ID,OBJECT_ID,VALUE,DATE_VALUE,LIST_VALUE_ID) VALUES (13,66,NULL,NULL,0);

INSERT INTO OBJECTS (OBJECT_ID,PARENT_ID,OBJECT_TYPE_ID,NAME,DESCRIPTION,OBJECT_VERSION) VALUES (67,NULL,1,'Alvaro Morata',NULL,1);
INSERT INTO ATTRIBUTES (ATTR_ID,OBJECT_ID,VALUE,DATE_VALUE,LIST_VALUE_ID) VALUES (1,67,'Morata',NULL,NULL);
INSERT INTO ATTRIBUTES (ATTR_ID,OBJECT_ID,VALUE,DATE_VALUE,LIST_VALUE_ID) VALUES (2,67,'Alvaro',NULL,NULL);
INSERT INTO ATTRIBUTES (ATTR_ID,OBJECT_ID,VALUE,DATE_VALUE,LIST_VALUE_ID) VALUES (3,67,'alvaro.morata@gmail.com',NULL,NULL);
INSERT INTO ATTRIBUTES (ATTR_ID,OBJECT_ID,VALUE,DATE_VALUE,LIST_VALUE_ID) VALUES (4,67,NULL,'19.08.1990',NULL);
INSERT INTO ATTRIBUTES (ATTR_ID,OBJECT_ID,VALUE,DATE_VALUE,LIST_VALUE_ID) VALUES (5,67,NULL,'01.01.2018',NULL);
INSERT INTO ATTRIBUTES (ATTR_ID,OBJECT_ID,VALUE,DATE_VALUE,LIST_VALUE_ID) VALUES (6,67,'0979795446',NULL,NULL);
INSERT INTO ATTRIBUTES (ATTR_ID,OBJECT_ID,VALUE,DATE_VALUE,LIST_VALUE_ID) VALUES (8,67,NULL,NULL,2);
INSERT INTO ATTRIBUTES (ATTR_ID,OBJECT_ID,VALUE,DATE_VALUE,LIST_VALUE_ID) VALUES (9,67,NULL,NULL,1);
INSERT INTO ATTRIBUTES (ATTR_ID,OBJECT_ID,VALUE,DATE_VALUE,LIST_VALUE_ID) VALUES (10,67,'Morata',NULL,NULL);
INSERT INTO ATTRIBUTES (ATTR_ID,OBJECT_ID,VALUE,DATE_VALUE,LIST_VALUE_ID) VALUES (11,67,'132a22f54a56c854f5744d51146a78df78778738',NULL,NULL);
--Alvaro
INSERT INTO ATTRIBUTES (ATTR_ID,OBJECT_ID,VALUE,DATE_VALUE,LIST_VALUE_ID) VALUES (12,67,NULL,NULL,3);
INSERT INTO ATTRIBUTES (ATTR_ID,OBJECT_ID,VALUE,DATE_VALUE,LIST_VALUE_ID) VALUES (13,67,NULL,NULL,0);

INSERT INTO OBJECTS (OBJECT_ID,PARENT_ID,OBJECT_TYPE_ID,NAME,DESCRIPTION,OBJECT_VERSION) VALUES (68,NULL,1,'Antonio Valencia',NULL,1);
INSERT INTO ATTRIBUTES (ATTR_ID,OBJECT_ID,VALUE,DATE_VALUE,LIST_VALUE_ID) VALUES (1,68,'Valencia',NULL,NULL);
INSERT INTO ATTRIBUTES (ATTR_ID,OBJECT_ID,VALUE,DATE_VALUE,LIST_VALUE_ID) VALUES (2,68,'Antonio',NULL,NULL);
INSERT INTO ATTRIBUTES (ATTR_ID,OBJECT_ID,VALUE,DATE_VALUE,LIST_VALUE_ID) VALUES (3,68,'antonio.valencia@gmail.com',NULL,NULL);
INSERT INTO ATTRIBUTES (ATTR_ID,OBJECT_ID,VALUE,DATE_VALUE,LIST_VALUE_ID) VALUES (4,68,NULL,'19.08.1990',NULL);
INSERT INTO ATTRIBUTES (ATTR_ID,OBJECT_ID,VALUE,DATE_VALUE,LIST_VALUE_ID) VALUES (5,68,NULL,'01.01.2018',NULL);
INSERT INTO ATTRIBUTES (ATTR_ID,OBJECT_ID,VALUE,DATE_VALUE,LIST_VALUE_ID) VALUES (6,68,'0979795446',NULL,NULL);
INSERT INTO ATTRIBUTES (ATTR_ID,OBJECT_ID,VALUE,DATE_VALUE,LIST_VALUE_ID) VALUES (8,68,NULL,NULL,2);
INSERT INTO ATTRIBUTES (ATTR_ID,OBJECT_ID,VALUE,DATE_VALUE,LIST_VALUE_ID) VALUES (9,68,NULL,NULL,1);
INSERT INTO ATTRIBUTES (ATTR_ID,OBJECT_ID,VALUE,DATE_VALUE,LIST_VALUE_ID) VALUES (10,68,'Valencia',NULL,NULL);
INSERT INTO ATTRIBUTES (ATTR_ID,OBJECT_ID,VALUE,DATE_VALUE,LIST_VALUE_ID) VALUES (11,68,'aa4a9f786afbc7c3ce73e9e9c77f4a477397adad',NULL,NULL);
--Antonio
INSERT INTO ATTRIBUTES (ATTR_ID,OBJECT_ID,VALUE,DATE_VALUE,LIST_VALUE_ID) VALUES (12,68,NULL,NULL,3);
INSERT INTO ATTRIBUTES (ATTR_ID,OBJECT_ID,VALUE,DATE_VALUE,LIST_VALUE_ID) VALUES (13,68,NULL,NULL,0);

INSERT INTO OBJECTS (OBJECT_ID,PARENT_ID,OBJECT_TYPE_ID,NAME,DESCRIPTION,OBJECT_VERSION) VALUES (6,NULL,8,'Working period1',NULL,1);
INSERT INTO ATTRIBUTES (ATTR_ID,OBJECT_ID,VALUE,DATE_VALUE,LIST_VALUE_ID) VALUES (61,6,NULL,'01.01.2018',NULL);
INSERT INTO ATTRIBUTES (ATTR_ID,OBJECT_ID,VALUE,DATE_VALUE,LIST_VALUE_ID) VALUES (62,6,NULL,'05.05.2018',NULL);
INSERT INTO ATTRIBUTES (ATTR_ID,OBJECT_ID,VALUE,DATE_VALUE,LIST_VALUE_ID) VALUES (63,6,NULL,NULL,0);
INSERT INTO OBJREFERENCE (ATTR_ID,OBJECT_ID,REFERENCE) VALUES (64,6,4);
INSERT INTO OBJREFERENCE (ATTR_ID,OBJECT_ID,REFERENCE) VALUES (65,6,1);

INSERT INTO OBJECTS (OBJECT_ID,PARENT_ID,OBJECT_TYPE_ID,NAME,DESCRIPTION,OBJECT_VERSION) VALUES (7,NULL,8,'Working period2',NULL,1);
INSERT INTO ATTRIBUTES (ATTR_ID,OBJECT_ID,VALUE,DATE_VALUE,LIST_VALUE_ID) VALUES (61,7,NULL,'01.01.2018',NULL);
INSERT INTO ATTRIBUTES (ATTR_ID,OBJECT_ID,VALUE,DATE_VALUE,LIST_VALUE_ID) VALUES (62,7,NULL,'05.05.2018',NULL);
INSERT INTO ATTRIBUTES (ATTR_ID,OBJECT_ID,VALUE,DATE_VALUE,LIST_VALUE_ID) VALUES (63,7,NULL,NULL,0);
INSERT INTO OBJREFERENCE (ATTR_ID,OBJECT_ID,REFERENCE) VALUES (64,7,5);
INSERT INTO OBJREFERENCE (ATTR_ID,OBJECT_ID,REFERENCE) VALUES (65,7,1);

INSERT INTO OBJECTS (OBJECT_ID,PARENT_ID,OBJECT_TYPE_ID,NAME,DESCRIPTION,OBJECT_VERSION) VALUES (22,NULL,8,'Working period3',NULL,1);
INSERT INTO ATTRIBUTES (ATTR_ID,OBJECT_ID,VALUE,DATE_VALUE,LIST_VALUE_ID) VALUES (61,22,NULL,'01.01.2018',NULL);
INSERT INTO ATTRIBUTES (ATTR_ID,OBJECT_ID,VALUE,DATE_VALUE,LIST_VALUE_ID) VALUES (62,22,NULL,'10.06.2018',NULL);
INSERT INTO ATTRIBUTES (ATTR_ID,OBJECT_ID,VALUE,DATE_VALUE,LIST_VALUE_ID) VALUES (63,22,NULL,NULL,0);
INSERT INTO OBJREFERENCE (ATTR_ID,OBJECT_ID,REFERENCE) VALUES (64,22,15);
INSERT INTO OBJREFERENCE (ATTR_ID,OBJECT_ID,REFERENCE) VALUES (65,22,1);

INSERT INTO OBJECTS (OBJECT_ID,PARENT_ID,OBJECT_TYPE_ID,NAME,DESCRIPTION,OBJECT_VERSION) VALUES (23,NULL,8,'Working period4',NULL,1);
INSERT INTO ATTRIBUTES (ATTR_ID,OBJECT_ID,VALUE,DATE_VALUE,LIST_VALUE_ID) VALUES (61,23,NULL,'01.01.2018',NULL);
INSERT INTO ATTRIBUTES (ATTR_ID,OBJECT_ID,VALUE,DATE_VALUE,LIST_VALUE_ID) VALUES (62,23,NULL,'10.06.2018',NULL);
INSERT INTO ATTRIBUTES (ATTR_ID,OBJECT_ID,VALUE,DATE_VALUE,LIST_VALUE_ID) VALUES (63,23,NULL,NULL,0);
INSERT INTO OBJREFERENCE (ATTR_ID,OBJECT_ID,REFERENCE) VALUES (64,23,16);
INSERT INTO OBJREFERENCE (ATTR_ID,OBJECT_ID,REFERENCE) VALUES (65,23,1);

INSERT INTO OBJECTS (OBJECT_ID,PARENT_ID,OBJECT_TYPE_ID,NAME,DESCRIPTION,OBJECT_VERSION) VALUES (24,NULL,8,'Working period5',NULL,1);
INSERT INTO ATTRIBUTES (ATTR_ID,OBJECT_ID,VALUE,DATE_VALUE,LIST_VALUE_ID) VALUES (61,24,NULL,'01.01.2018',NULL);
INSERT INTO ATTRIBUTES (ATTR_ID,OBJECT_ID,VALUE,DATE_VALUE,LIST_VALUE_ID) VALUES (62,24,NULL,'10.06.2018',NULL);
INSERT INTO ATTRIBUTES (ATTR_ID,OBJECT_ID,VALUE,DATE_VALUE,LIST_VALUE_ID) VALUES (63,24,NULL,NULL,0);
INSERT INTO OBJREFERENCE (ATTR_ID,OBJECT_ID,REFERENCE) VALUES (64,24,17);
INSERT INTO OBJREFERENCE (ATTR_ID,OBJECT_ID,REFERENCE) VALUES (65,24,1);

INSERT INTO OBJECTS (OBJECT_ID,PARENT_ID,OBJECT_TYPE_ID,NAME,DESCRIPTION,OBJECT_VERSION) VALUES (25,NULL,8,'Working period6',NULL,1);
INSERT INTO ATTRIBUTES (ATTR_ID,OBJECT_ID,VALUE,DATE_VALUE,LIST_VALUE_ID) VALUES (61,25,NULL,'01.01.2018',NULL);
INSERT INTO ATTRIBUTES (ATTR_ID,OBJECT_ID,VALUE,DATE_VALUE,LIST_VALUE_ID) VALUES (62,25,NULL,'10.06.2018',NULL);
INSERT INTO ATTRIBUTES (ATTR_ID,OBJECT_ID,VALUE,DATE_VALUE,LIST_VALUE_ID) VALUES (63,25,NULL,NULL,0);
INSERT INTO OBJREFERENCE (ATTR_ID,OBJECT_ID,REFERENCE) VALUES (64,25,18);
INSERT INTO OBJREFERENCE (ATTR_ID,OBJECT_ID,REFERENCE) VALUES (65,25,1);

INSERT INTO OBJECTS (OBJECT_ID,PARENT_ID,OBJECT_TYPE_ID,NAME,DESCRIPTION,OBJECT_VERSION) VALUES (26,NULL,8,'Working period7',NULL,1);
INSERT INTO ATTRIBUTES (ATTR_ID,OBJECT_ID,VALUE,DATE_VALUE,LIST_VALUE_ID) VALUES (61,26,NULL,'01.01.2018',NULL);
INSERT INTO ATTRIBUTES (ATTR_ID,OBJECT_ID,VALUE,DATE_VALUE,LIST_VALUE_ID) VALUES (62,26,NULL,'10.06.2018',NULL);
INSERT INTO ATTRIBUTES (ATTR_ID,OBJECT_ID,VALUE,DATE_VALUE,LIST_VALUE_ID) VALUES (63,26,NULL,NULL,0);
INSERT INTO OBJREFERENCE (ATTR_ID,OBJECT_ID,REFERENCE) VALUES (64,26,19);
INSERT INTO OBJREFERENCE (ATTR_ID,OBJECT_ID,REFERENCE) VALUES (65,26,1);

INSERT INTO OBJECTS (OBJECT_ID,PARENT_ID,OBJECT_TYPE_ID,NAME,DESCRIPTION,OBJECT_VERSION) VALUES (27,NULL,8,'Working period8',NULL,1);
INSERT INTO ATTRIBUTES (ATTR_ID,OBJECT_ID,VALUE,DATE_VALUE,LIST_VALUE_ID) VALUES (61,27,NULL,'01.01.2018',NULL);
INSERT INTO ATTRIBUTES (ATTR_ID,OBJECT_ID,VALUE,DATE_VALUE,LIST_VALUE_ID) VALUES (62,27,NULL,'10.06.2018',NULL);
INSERT INTO ATTRIBUTES (ATTR_ID,OBJECT_ID,VALUE,DATE_VALUE,LIST_VALUE_ID) VALUES (63,27,NULL,NULL,0);
INSERT INTO OBJREFERENCE (ATTR_ID,OBJECT_ID,REFERENCE) VALUES (64,27,20);
INSERT INTO OBJREFERENCE (ATTR_ID,OBJECT_ID,REFERENCE) VALUES (65,27,1);

INSERT INTO OBJECTS (OBJECT_ID,PARENT_ID,OBJECT_TYPE_ID,NAME,DESCRIPTION,OBJECT_VERSION) VALUES (28,NULL,8,'Working period9',NULL,1);
INSERT INTO ATTRIBUTES (ATTR_ID,OBJECT_ID,VALUE,DATE_VALUE,LIST_VALUE_ID) VALUES (61,28,NULL,'01.01.2018',NULL);
INSERT INTO ATTRIBUTES (ATTR_ID,OBJECT_ID,VALUE,DATE_VALUE,LIST_VALUE_ID) VALUES (62,28,NULL,'10.06.2018',NULL);
INSERT INTO ATTRIBUTES (ATTR_ID,OBJECT_ID,VALUE,DATE_VALUE,LIST_VALUE_ID) VALUES (63,28,NULL,NULL,0);
INSERT INTO OBJREFERENCE (ATTR_ID,OBJECT_ID,REFERENCE) VALUES (64,28,21);
INSERT INTO OBJREFERENCE (ATTR_ID,OBJECT_ID,REFERENCE) VALUES (65,28,1);

INSERT INTO OBJECTS (OBJECT_ID,PARENT_ID,OBJECT_TYPE_ID,NAME,DESCRIPTION,OBJECT_VERSION) VALUES (49,NULL,8,'Working period18',NULL,1);
INSERT INTO ATTRIBUTES (ATTR_ID,OBJECT_ID,VALUE,DATE_VALUE,LIST_VALUE_ID) VALUES (61,49,NULL,'01.01.2018',NULL);
INSERT INTO ATTRIBUTES (ATTR_ID,OBJECT_ID,VALUE,DATE_VALUE,LIST_VALUE_ID) VALUES (62,49,NULL,'10.10.2018',NULL);
INSERT INTO ATTRIBUTES (ATTR_ID,OBJECT_ID,VALUE,DATE_VALUE,LIST_VALUE_ID) VALUES (63,49,NULL,NULL,0);
INSERT INTO OBJREFERENCE (ATTR_ID,OBJECT_ID,REFERENCE) VALUES (64,49,33);
INSERT INTO OBJREFERENCE (ATTR_ID,OBJECT_ID,REFERENCE) VALUES (65,49,2);

INSERT INTO OBJECTS (OBJECT_ID,PARENT_ID,OBJECT_TYPE_ID,NAME,DESCRIPTION,OBJECT_VERSION) VALUES (41,NULL,8,'Working period10',NULL,1);
INSERT INTO ATTRIBUTES (ATTR_ID,OBJECT_ID,VALUE,DATE_VALUE,LIST_VALUE_ID) VALUES (61,41,NULL,'01.01.2018',NULL);
INSERT INTO ATTRIBUTES (ATTR_ID,OBJECT_ID,VALUE,DATE_VALUE,LIST_VALUE_ID) VALUES (62,41,NULL,'10.10.2018',NULL);
INSERT INTO ATTRIBUTES (ATTR_ID,OBJECT_ID,VALUE,DATE_VALUE,LIST_VALUE_ID) VALUES (63,41,NULL,NULL,0);
INSERT INTO OBJREFERENCE (ATTR_ID,OBJECT_ID,REFERENCE) VALUES (64,41,34);
INSERT INTO OBJREFERENCE (ATTR_ID,OBJECT_ID,REFERENCE) VALUES (65,41,2);

INSERT INTO OBJECTS (OBJECT_ID,PARENT_ID,OBJECT_TYPE_ID,NAME,DESCRIPTION,OBJECT_VERSION) VALUES (42,NULL,8,'Working period11',NULL,1);
INSERT INTO ATTRIBUTES (ATTR_ID,OBJECT_ID,VALUE,DATE_VALUE,LIST_VALUE_ID) VALUES (61,42,NULL,'01.01.2018',NULL);
INSERT INTO ATTRIBUTES (ATTR_ID,OBJECT_ID,VALUE,DATE_VALUE,LIST_VALUE_ID) VALUES (62,42,NULL,'10.10.2018',NULL);
INSERT INTO ATTRIBUTES (ATTR_ID,OBJECT_ID,VALUE,DATE_VALUE,LIST_VALUE_ID) VALUES (63,42,NULL,NULL,0);
INSERT INTO OBJREFERENCE (ATTR_ID,OBJECT_ID,REFERENCE) VALUES (64,42,35);
INSERT INTO OBJREFERENCE (ATTR_ID,OBJECT_ID,REFERENCE) VALUES (65,42,2);

INSERT INTO OBJECTS (OBJECT_ID,PARENT_ID,OBJECT_TYPE_ID,NAME,DESCRIPTION,OBJECT_VERSION) VALUES (43,NULL,8,'Working period12',NULL,1);
INSERT INTO ATTRIBUTES (ATTR_ID,OBJECT_ID,VALUE,DATE_VALUE,LIST_VALUE_ID) VALUES (61,43,NULL,'01.01.2018',NULL);
INSERT INTO ATTRIBUTES (ATTR_ID,OBJECT_ID,VALUE,DATE_VALUE,LIST_VALUE_ID) VALUES (62,43,NULL,'10.10.2018',NULL);
INSERT INTO ATTRIBUTES (ATTR_ID,OBJECT_ID,VALUE,DATE_VALUE,LIST_VALUE_ID) VALUES (63,43,NULL,NULL,0);
INSERT INTO OBJREFERENCE (ATTR_ID,OBJECT_ID,REFERENCE) VALUES (64,43,36);
INSERT INTO OBJREFERENCE (ATTR_ID,OBJECT_ID,REFERENCE) VALUES (65,43,2);

INSERT INTO OBJECTS (OBJECT_ID,PARENT_ID,OBJECT_TYPE_ID,NAME,DESCRIPTION,OBJECT_VERSION) VALUES (45,NULL,8,'Working period14',NULL,1);
INSERT INTO ATTRIBUTES (ATTR_ID,OBJECT_ID,VALUE,DATE_VALUE,LIST_VALUE_ID) VALUES (61,45,NULL,'01.01.2018',NULL);
INSERT INTO ATTRIBUTES (ATTR_ID,OBJECT_ID,VALUE,DATE_VALUE,LIST_VALUE_ID) VALUES (62,45,NULL,'10.10.2018',NULL);
INSERT INTO ATTRIBUTES (ATTR_ID,OBJECT_ID,VALUE,DATE_VALUE,LIST_VALUE_ID) VALUES (63,45,NULL,NULL,0);
INSERT INTO OBJREFERENCE (ATTR_ID,OBJECT_ID,REFERENCE) VALUES (64,45,37);
INSERT INTO OBJREFERENCE (ATTR_ID,OBJECT_ID,REFERENCE) VALUES (65,45,2);

INSERT INTO OBJECTS (OBJECT_ID,PARENT_ID,OBJECT_TYPE_ID,NAME,DESCRIPTION,OBJECT_VERSION) VALUES (46,NULL,8,'Working period15',NULL,1);
INSERT INTO ATTRIBUTES (ATTR_ID,OBJECT_ID,VALUE,DATE_VALUE,LIST_VALUE_ID) VALUES (61,46,NULL,'01.01.2018',NULL);
INSERT INTO ATTRIBUTES (ATTR_ID,OBJECT_ID,VALUE,DATE_VALUE,LIST_VALUE_ID) VALUES (62,46,NULL,'10.10.2018',NULL);
INSERT INTO ATTRIBUTES (ATTR_ID,OBJECT_ID,VALUE,DATE_VALUE,LIST_VALUE_ID) VALUES (63,46,NULL,NULL,0);
INSERT INTO OBJREFERENCE (ATTR_ID,OBJECT_ID,REFERENCE) VALUES (64,46,38);
INSERT INTO OBJREFERENCE (ATTR_ID,OBJECT_ID,REFERENCE) VALUES (65,46,2);

INSERT INTO OBJECTS (OBJECT_ID,PARENT_ID,OBJECT_TYPE_ID,NAME,DESCRIPTION,OBJECT_VERSION) VALUES (47,NULL,8,'Working period16',NULL,1);
INSERT INTO ATTRIBUTES (ATTR_ID,OBJECT_ID,VALUE,DATE_VALUE,LIST_VALUE_ID) VALUES (61,47,NULL,'01.01.2018',NULL);
INSERT INTO ATTRIBUTES (ATTR_ID,OBJECT_ID,VALUE,DATE_VALUE,LIST_VALUE_ID) VALUES (62,47,NULL,'10.10.2018',NULL);
INSERT INTO ATTRIBUTES (ATTR_ID,OBJECT_ID,VALUE,DATE_VALUE,LIST_VALUE_ID) VALUES (63,47,NULL,NULL,0);
INSERT INTO OBJREFERENCE (ATTR_ID,OBJECT_ID,REFERENCE) VALUES (64,47,39);
INSERT INTO OBJREFERENCE (ATTR_ID,OBJECT_ID,REFERENCE) VALUES (65,47,2);


INSERT INTO OBJECTS (OBJECT_ID,PARENT_ID,OBJECT_TYPE_ID,NAME,DESCRIPTION,OBJECT_VERSION) VALUES (48,NULL,8,'Working period17',NULL,1);
INSERT INTO ATTRIBUTES (ATTR_ID,OBJECT_ID,VALUE,DATE_VALUE,LIST_VALUE_ID) VALUES (61,48,NULL,'01.01.2018',NULL);
INSERT INTO ATTRIBUTES (ATTR_ID,OBJECT_ID,VALUE,DATE_VALUE,LIST_VALUE_ID) VALUES (62,48,NULL,'10.10.2018',NULL);
INSERT INTO ATTRIBUTES (ATTR_ID,OBJECT_ID,VALUE,DATE_VALUE,LIST_VALUE_ID) VALUES (63,48,NULL,NULL,0);
INSERT INTO OBJREFERENCE (ATTR_ID,OBJECT_ID,REFERENCE) VALUES (64,48,40);
INSERT INTO OBJREFERENCE (ATTR_ID,OBJECT_ID,REFERENCE) VALUES (65,48,2);

INSERT INTO OBJECTS (OBJECT_ID,PARENT_ID,OBJECT_TYPE_ID,NAME,DESCRIPTION,OBJECT_VERSION) VALUES (8,NULL,7,'Sprint1',NULL,1);
INSERT INTO ATTRIBUTES (ATTR_ID,OBJECT_ID,VALUE,DATE_VALUE,LIST_VALUE_ID) VALUES (55,8,'SPRINT1',NULL,NULL);
INSERT INTO ATTRIBUTES (ATTR_ID,OBJECT_ID,VALUE,DATE_VALUE,LIST_VALUE_ID) VALUES (56,8,NULL,'01.01.2018',NULL);
INSERT INTO ATTRIBUTES (ATTR_ID,OBJECT_ID,VALUE,DATE_VALUE,LIST_VALUE_ID) VALUES (57,8,NULL,'01.03.2018',NULL);
INSERT INTO ATTRIBUTES (ATTR_ID,OBJECT_ID,VALUE,DATE_VALUE,LIST_VALUE_ID) VALUES (58,8,NULL,'01.03.2018',NULL);
INSERT INTO ATTRIBUTES (ATTR_ID,OBJECT_ID,VALUE,DATE_VALUE,LIST_VALUE_ID) VALUES (59,8,NULL,NULL,0);
INSERT INTO OBJREFERENCE (ATTR_ID,OBJECT_ID,REFERENCE) VALUES (60,8,1);

INSERT INTO OBJECTS (OBJECT_ID,PARENT_ID,OBJECT_TYPE_ID,NAME,DESCRIPTION,OBJECT_VERSION) VALUES (9,NULL,7,'Sprint2',NULL,1);
INSERT INTO ATTRIBUTES (ATTR_ID,OBJECT_ID,VALUE,DATE_VALUE,LIST_VALUE_ID) VALUES (55,9,'SPRINT2',NULL,NULL);
INSERT INTO ATTRIBUTES (ATTR_ID,OBJECT_ID,VALUE,DATE_VALUE,LIST_VALUE_ID) VALUES (56,9,NULL,'01.03.2018',NULL);
INSERT INTO ATTRIBUTES (ATTR_ID,OBJECT_ID,VALUE,DATE_VALUE,LIST_VALUE_ID) VALUES (57,9,NULL,'01.05.2018',NULL);
INSERT INTO ATTRIBUTES (ATTR_ID,OBJECT_ID,VALUE,DATE_VALUE,LIST_VALUE_ID) VALUES (58,9,NULL,'01.05.2018',NULL);
INSERT INTO ATTRIBUTES (ATTR_ID,OBJECT_ID,VALUE,DATE_VALUE,LIST_VALUE_ID) VALUES (59,9,NULL,NULL,0);
INSERT INTO OBJREFERENCE (ATTR_ID,OBJECT_ID,REFERENCE) VALUES (60,9,1);

INSERT INTO OBJECTS (OBJECT_ID,PARENT_ID,OBJECT_TYPE_ID,NAME,DESCRIPTION,OBJECT_VERSION) VALUES (10,NULL,7,'Sprint3',NULL,1);
INSERT INTO ATTRIBUTES (ATTR_ID,OBJECT_ID,VALUE,DATE_VALUE,LIST_VALUE_ID) VALUES (55,10,'SPRINT3',NULL,NULL);
INSERT INTO ATTRIBUTES (ATTR_ID,OBJECT_ID,VALUE,DATE_VALUE,LIST_VALUE_ID) VALUES (56,10,NULL,'01.05.2018',NULL);
INSERT INTO ATTRIBUTES (ATTR_ID,OBJECT_ID,VALUE,DATE_VALUE,LIST_VALUE_ID) VALUES (57,10,NULL,'01.07.2018',NULL);
INSERT INTO ATTRIBUTES (ATTR_ID,OBJECT_ID,VALUE,DATE_VALUE,LIST_VALUE_ID) VALUES (58,10,NULL,'01.07.2018',NULL);
INSERT INTO ATTRIBUTES (ATTR_ID,OBJECT_ID,VALUE,DATE_VALUE,LIST_VALUE_ID) VALUES (59,10,NULL,NULL,0);
INSERT INTO OBJREFERENCE (ATTR_ID,OBJECT_ID,REFERENCE) VALUES (60,10,1);

INSERT INTO OBJECTS (OBJECT_ID,PARENT_ID,OBJECT_TYPE_ID,NAME,DESCRIPTION,OBJECT_VERSION) VALUES (11,NULL,7,'Sprint4',NULL,1);
INSERT INTO ATTRIBUTES (ATTR_ID,OBJECT_ID,VALUE,DATE_VALUE,LIST_VALUE_ID) VALUES (55,11,'SPRINT4',NULL,NULL);
INSERT INTO ATTRIBUTES (ATTR_ID,OBJECT_ID,VALUE,DATE_VALUE,LIST_VALUE_ID) VALUES (56,11,NULL,'01.07.2018',NULL);
INSERT INTO ATTRIBUTES (ATTR_ID,OBJECT_ID,VALUE,DATE_VALUE,LIST_VALUE_ID) VALUES (57,11,NULL,'01.09.2018',NULL);
INSERT INTO ATTRIBUTES (ATTR_ID,OBJECT_ID,VALUE,DATE_VALUE,LIST_VALUE_ID) VALUES (58,11,NULL,'01.09.2018',NULL);
INSERT INTO ATTRIBUTES (ATTR_ID,OBJECT_ID,VALUE,DATE_VALUE,LIST_VALUE_ID) VALUES (59,11,NULL,NULL,0);
INSERT INTO OBJREFERENCE (ATTR_ID,OBJECT_ID,REFERENCE) VALUES (60,11,1);


INSERT INTO OBJECTS (OBJECT_ID,PARENT_ID,OBJECT_TYPE_ID,NAME,DESCRIPTION,OBJECT_VERSION) VALUES (50,NULL,7,'Sprint5',NULL,1);
INSERT INTO ATTRIBUTES (ATTR_ID,OBJECT_ID,VALUE,DATE_VALUE,LIST_VALUE_ID) VALUES (55,50,'SPRINT1',NULL,NULL);
INSERT INTO ATTRIBUTES (ATTR_ID,OBJECT_ID,VALUE,DATE_VALUE,LIST_VALUE_ID) VALUES (56,50,NULL,'01.01.2018',NULL);
INSERT INTO ATTRIBUTES (ATTR_ID,OBJECT_ID,VALUE,DATE_VALUE,LIST_VALUE_ID) VALUES (57,50,NULL,'01.04.2018',NULL);
INSERT INTO ATTRIBUTES (ATTR_ID,OBJECT_ID,VALUE,DATE_VALUE,LIST_VALUE_ID) VALUES (58,50,NULL,'01.04.2018',NULL);
INSERT INTO ATTRIBUTES (ATTR_ID,OBJECT_ID,VALUE,DATE_VALUE,LIST_VALUE_ID) VALUES (59,50,NULL,NULL,0);
INSERT INTO OBJREFERENCE (ATTR_ID,OBJECT_ID,REFERENCE) VALUES (60,50,2);

INSERT INTO OBJECTS (OBJECT_ID,PARENT_ID,OBJECT_TYPE_ID,NAME,DESCRIPTION,OBJECT_VERSION) VALUES (51,NULL,7,'Sprint6',NULL,1);
INSERT INTO ATTRIBUTES (ATTR_ID,OBJECT_ID,VALUE,DATE_VALUE,LIST_VALUE_ID) VALUES (55,51,'SPRINT2',NULL,NULL);
INSERT INTO ATTRIBUTES (ATTR_ID,OBJECT_ID,VALUE,DATE_VALUE,LIST_VALUE_ID) VALUES (56,51,NULL,'01.04.2018',NULL);
INSERT INTO ATTRIBUTES (ATTR_ID,OBJECT_ID,VALUE,DATE_VALUE,LIST_VALUE_ID) VALUES (57,51,NULL,'01.08.2018',NULL);
INSERT INTO ATTRIBUTES (ATTR_ID,OBJECT_ID,VALUE,DATE_VALUE,LIST_VALUE_ID) VALUES (58,51,NULL,'01.08.2018',NULL);
INSERT INTO ATTRIBUTES (ATTR_ID,OBJECT_ID,VALUE,DATE_VALUE,LIST_VALUE_ID) VALUES (59,51,NULL,NULL,0);
INSERT INTO OBJREFERENCE (ATTR_ID,OBJECT_ID,REFERENCE) VALUES (60,51,2);

INSERT INTO OBJECTS (OBJECT_ID,PARENT_ID,OBJECT_TYPE_ID,NAME,DESCRIPTION,OBJECT_VERSION) VALUES (52,NULL,7,'Sprint7',NULL,1);
INSERT INTO ATTRIBUTES (ATTR_ID,OBJECT_ID,VALUE,DATE_VALUE,LIST_VALUE_ID) VALUES (55,52,'SPRINT3',NULL,NULL);
INSERT INTO ATTRIBUTES (ATTR_ID,OBJECT_ID,VALUE,DATE_VALUE,LIST_VALUE_ID) VALUES (56,52,NULL,'01.08.2018',NULL);
INSERT INTO ATTRIBUTES (ATTR_ID,OBJECT_ID,VALUE,DATE_VALUE,LIST_VALUE_ID) VALUES (57,52,NULL,'01.01.2019',NULL);
INSERT INTO ATTRIBUTES (ATTR_ID,OBJECT_ID,VALUE,DATE_VALUE,LIST_VALUE_ID) VALUES (58,52,NULL,'01.01.2019',NULL);
INSERT INTO ATTRIBUTES (ATTR_ID,OBJECT_ID,VALUE,DATE_VALUE,LIST_VALUE_ID) VALUES (59,52,NULL,NULL,0);
INSERT INTO OBJREFERENCE (ATTR_ID,OBJECT_ID,REFERENCE) VALUES (60,52,2);

INSERT INTO OBJECTS (OBJECT_ID,PARENT_ID,OBJECT_TYPE_ID,NAME,DESCRIPTION,OBJECT_VERSION) VALUES (53,NULL,7,'Sprint8',NULL,1);
INSERT INTO ATTRIBUTES (ATTR_ID,OBJECT_ID,VALUE,DATE_VALUE,LIST_VALUE_ID) VALUES (55,53,'SPRINT4',NULL,NULL);
INSERT INTO ATTRIBUTES (ATTR_ID,OBJECT_ID,VALUE,DATE_VALUE,LIST_VALUE_ID) VALUES (56,53,NULL,'01.01.2019',NULL);
INSERT INTO ATTRIBUTES (ATTR_ID,OBJECT_ID,VALUE,DATE_VALUE,LIST_VALUE_ID) VALUES (57,53,NULL,'01.05.2019',NULL);
INSERT INTO ATTRIBUTES (ATTR_ID,OBJECT_ID,VALUE,DATE_VALUE,LIST_VALUE_ID) VALUES (58,53,NULL,'01.05.2019',NULL);
INSERT INTO ATTRIBUTES (ATTR_ID,OBJECT_ID,VALUE,DATE_VALUE,LIST_VALUE_ID) VALUES (59,53,NULL,NULL,0);
INSERT INTO OBJREFERENCE (ATTR_ID,OBJECT_ID,REFERENCE) VALUES (60,53,2);

INSERT INTO OBJECTS (OBJECT_ID,PARENT_ID,OBJECT_TYPE_ID,NAME,DESCRIPTION,OBJECT_VERSION) VALUES (54,NULL,7,'Sprint9',NULL,1);
INSERT INTO ATTRIBUTES (ATTR_ID,OBJECT_ID,VALUE,DATE_VALUE,LIST_VALUE_ID) VALUES (55,54,'SPRINT5',NULL,NULL);
INSERT INTO ATTRIBUTES (ATTR_ID,OBJECT_ID,VALUE,DATE_VALUE,LIST_VALUE_ID) VALUES (56,54,NULL,'01.05.2019',NULL);
INSERT INTO ATTRIBUTES (ATTR_ID,OBJECT_ID,VALUE,DATE_VALUE,LIST_VALUE_ID) VALUES (57,54,NULL,'01.09.2019',NULL);
INSERT INTO ATTRIBUTES (ATTR_ID,OBJECT_ID,VALUE,DATE_VALUE,LIST_VALUE_ID) VALUES (58,54,NULL,'01.09.2019',NULL);
INSERT INTO ATTRIBUTES (ATTR_ID,OBJECT_ID,VALUE,DATE_VALUE,LIST_VALUE_ID) VALUES (59,54,NULL,NULL,0);
INSERT INTO OBJREFERENCE (ATTR_ID,OBJECT_ID,REFERENCE) VALUES (60,54,2);

INSERT INTO OBJECTS (OBJECT_ID,PARENT_ID,OBJECT_TYPE_ID,NAME,DESCRIPTION,OBJECT_VERSION) VALUES (12,NULL,4,'BusinessTrip1',NULL,1);
INSERT INTO ATTRIBUTES (ATTR_ID,OBJECT_ID,VALUE,DATE_VALUE,LIST_VALUE_ID) VALUES (33,12,'United States',NULL,NULL);
INSERT INTO ATTRIBUTES (ATTR_ID,OBJECT_ID,VALUE,DATE_VALUE,LIST_VALUE_ID) VALUES (34,12,NULL,'13.02.2018',NULL);
INSERT INTO ATTRIBUTES (ATTR_ID,OBJECT_ID,VALUE,DATE_VALUE,LIST_VALUE_ID) VALUES (35,12,NULL,'13.03.2018',NULL);
INSERT INTO ATTRIBUTES (ATTR_ID,OBJECT_ID,VALUE,DATE_VALUE,LIST_VALUE_ID) VALUES (36,12,NULL,NULL,0);
INSERT INTO OBJREFERENCE (ATTR_ID,OBJECT_ID,REFERENCE) VALUES (37,12,4);
INSERT INTO OBJREFERENCE (ATTR_ID,OBJECT_ID,REFERENCE) VALUES (38,12,4);
INSERT INTO OBJREFERENCE (ATTR_ID,OBJECT_ID,REFERENCE) VALUES (39,12,1);
INSERT INTO OBJREFERENCE (ATTR_ID,OBJECT_ID,REFERENCE) VALUES (40,12,4);

INSERT INTO OBJECTS (OBJECT_ID,PARENT_ID,OBJECT_TYPE_ID,NAME,DESCRIPTION,OBJECT_VERSION) VALUES (13,NULL,4,'BusinessTrip2',NULL,1);
INSERT INTO ATTRIBUTES (ATTR_ID,OBJECT_ID,VALUE,DATE_VALUE,LIST_VALUE_ID) VALUES (33,13,'United States',NULL,NULL);
INSERT INTO ATTRIBUTES (ATTR_ID,OBJECT_ID,VALUE,DATE_VALUE,LIST_VALUE_ID) VALUES (34,13,NULL,'01.05.2018',NULL);
INSERT INTO ATTRIBUTES (ATTR_ID,OBJECT_ID,VALUE,DATE_VALUE,LIST_VALUE_ID) VALUES (35,13,NULL,'01.05.2018',NULL);
INSERT INTO ATTRIBUTES (ATTR_ID,OBJECT_ID,VALUE,DATE_VALUE,LIST_VALUE_ID) VALUES (36,13,NULL,NULL,2);
INSERT INTO OBJREFERENCE (ATTR_ID,OBJECT_ID,REFERENCE) VALUES (37,13,5);
INSERT INTO OBJREFERENCE (ATTR_ID,OBJECT_ID,REFERENCE) VALUES (38,13,5);
INSERT INTO OBJREFERENCE (ATTR_ID,OBJECT_ID,REFERENCE) VALUES (39,13,1);
INSERT INTO OBJREFERENCE (ATTR_ID,OBJECT_ID,REFERENCE) VALUES (40,13,4);

INSERT INTO OBJECTS (OBJECT_ID,PARENT_ID,OBJECT_TYPE_ID,NAME,DESCRIPTION,OBJECT_VERSION) VALUES (29,NULL,4,'BusinessTrip3',NULL,1);
INSERT INTO ATTRIBUTES (ATTR_ID,OBJECT_ID,VALUE,DATE_VALUE,LIST_VALUE_ID) VALUES (33,29,'United States',NULL,NULL);
INSERT INTO ATTRIBUTES (ATTR_ID,OBJECT_ID,VALUE,DATE_VALUE,LIST_VALUE_ID) VALUES (34,29,NULL,'20.03.2018',NULL);
INSERT INTO ATTRIBUTES (ATTR_ID,OBJECT_ID,VALUE,DATE_VALUE,LIST_VALUE_ID) VALUES (35,29,NULL,'13.04.2018',NULL);
INSERT INTO ATTRIBUTES (ATTR_ID,OBJECT_ID,VALUE,DATE_VALUE,LIST_VALUE_ID) VALUES (36,29,NULL,NULL,0);
INSERT INTO OBJREFERENCE (ATTR_ID,OBJECT_ID,REFERENCE) VALUES (37,29,19);
INSERT INTO OBJREFERENCE (ATTR_ID,OBJECT_ID,REFERENCE) VALUES (38,29,4);
INSERT INTO OBJREFERENCE (ATTR_ID,OBJECT_ID,REFERENCE) VALUES (39,29,1);
INSERT INTO OBJREFERENCE (ATTR_ID,OBJECT_ID,REFERENCE) VALUES (40,29,4);

INSERT INTO OBJECTS (OBJECT_ID,PARENT_ID,OBJECT_TYPE_ID,NAME,DESCRIPTION,OBJECT_VERSION) VALUES (55,NULL,4,'BusinessTrip4',NULL,1);
INSERT INTO ATTRIBUTES (ATTR_ID,OBJECT_ID,VALUE,DATE_VALUE,LIST_VALUE_ID) VALUES (33,55,'Australia',NULL,NULL);
INSERT INTO ATTRIBUTES (ATTR_ID,OBJECT_ID,VALUE,DATE_VALUE,LIST_VALUE_ID) VALUES (34,55,NULL,'20.03.2018',NULL);
INSERT INTO ATTRIBUTES (ATTR_ID,OBJECT_ID,VALUE,DATE_VALUE,LIST_VALUE_ID) VALUES (35,55,NULL,'13.04.2018',NULL);
INSERT INTO ATTRIBUTES (ATTR_ID,OBJECT_ID,VALUE,DATE_VALUE,LIST_VALUE_ID) VALUES (36,55,NULL,NULL,0);
INSERT INTO OBJREFERENCE (ATTR_ID,OBJECT_ID,REFERENCE) VALUES (37,55,35);
INSERT INTO OBJREFERENCE (ATTR_ID,OBJECT_ID,REFERENCE) VALUES (38,55,35);
INSERT INTO OBJREFERENCE (ATTR_ID,OBJECT_ID,REFERENCE) VALUES (39,55,2);
INSERT INTO OBJREFERENCE (ATTR_ID,OBJECT_ID,REFERENCE) VALUES (40,55,34);

INSERT INTO OBJECTS (OBJECT_ID,PARENT_ID,OBJECT_TYPE_ID,NAME,DESCRIPTION,OBJECT_VERSION) VALUES (56,NULL,4,'BusinessTrip5',NULL,1);
INSERT INTO ATTRIBUTES (ATTR_ID,OBJECT_ID,VALUE,DATE_VALUE,LIST_VALUE_ID) VALUES (33,56,'Australia',NULL,NULL);
INSERT INTO ATTRIBUTES (ATTR_ID,OBJECT_ID,VALUE,DATE_VALUE,LIST_VALUE_ID) VALUES (34,56,NULL,'20.03.2018',NULL);
INSERT INTO ATTRIBUTES (ATTR_ID,OBJECT_ID,VALUE,DATE_VALUE,LIST_VALUE_ID) VALUES (35,56,NULL,'13.04.2018',NULL);
INSERT INTO ATTRIBUTES (ATTR_ID,OBJECT_ID,VALUE,DATE_VALUE,LIST_VALUE_ID) VALUES (36,56,NULL,NULL,0);
INSERT INTO OBJREFERENCE (ATTR_ID,OBJECT_ID,REFERENCE) VALUES (37,56,37);
INSERT INTO OBJREFERENCE (ATTR_ID,OBJECT_ID,REFERENCE) VALUES (38,56,34);
INSERT INTO OBJREFERENCE (ATTR_ID,OBJECT_ID,REFERENCE) VALUES (39,56,2);
INSERT INTO OBJREFERENCE (ATTR_ID,OBJECT_ID,REFERENCE) VALUES (40,56,34);

INSERT INTO OBJECTS (OBJECT_ID,PARENT_ID,OBJECT_TYPE_ID,NAME,DESCRIPTION,OBJECT_VERSION) VALUES (57,NULL,4,'BusinessTrip6',NULL,1);
INSERT INTO ATTRIBUTES (ATTR_ID,OBJECT_ID,VALUE,DATE_VALUE,LIST_VALUE_ID) VALUES (33,57,'Australia',NULL,NULL);
INSERT INTO ATTRIBUTES (ATTR_ID,OBJECT_ID,VALUE,DATE_VALUE,LIST_VALUE_ID) VALUES (34,57,NULL,'20.03.2018',NULL);
INSERT INTO ATTRIBUTES (ATTR_ID,OBJECT_ID,VALUE,DATE_VALUE,LIST_VALUE_ID) VALUES (35,57,NULL,'13.04.2018',NULL);
INSERT INTO ATTRIBUTES (ATTR_ID,OBJECT_ID,VALUE,DATE_VALUE,LIST_VALUE_ID) VALUES (36,57,NULL,NULL,2);
INSERT INTO OBJREFERENCE (ATTR_ID,OBJECT_ID,REFERENCE) VALUES (37,57,38);
INSERT INTO OBJREFERENCE (ATTR_ID,OBJECT_ID,REFERENCE) VALUES (38,57,34);
INSERT INTO OBJREFERENCE (ATTR_ID,OBJECT_ID,REFERENCE) VALUES (39,57,2);
INSERT INTO OBJREFERENCE (ATTR_ID,OBJECT_ID,REFERENCE) VALUES (40,57,34);

INSERT INTO OBJECTS (OBJECT_ID,PARENT_ID,OBJECT_TYPE_ID,NAME,DESCRIPTION,OBJECT_VERSION) VALUES (14,NULL,5,'Vacation1',NULL,1);
INSERT INTO ATTRIBUTES (ATTR_ID,OBJECT_ID,VALUE,DATE_VALUE,LIST_VALUE_ID) VALUES (41,14,NULL,'01.05.2018',NULL);
INSERT INTO ATTRIBUTES (ATTR_ID,OBJECT_ID,VALUE,DATE_VALUE,LIST_VALUE_ID) VALUES (42,14,NULL,'15.05.2018',NULL);
INSERT INTO ATTRIBUTES (ATTR_ID,OBJECT_ID,VALUE,DATE_VALUE,LIST_VALUE_ID) VALUES (43,14,NULL,NULL,0);
INSERT INTO ATTRIBUTES (ATTR_ID,OBJECT_ID,VALUE,DATE_VALUE,LIST_VALUE_ID) VALUES (44,14,NULL,NULL,0);
INSERT INTO OBJREFERENCE (ATTR_ID,OBJECT_ID,REFERENCE) VALUES (45,14,5);
INSERT INTO OBJREFERENCE (ATTR_ID,OBJECT_ID,REFERENCE) VALUES (46,14,1);
INSERT INTO OBJREFERENCE (ATTR_ID,OBJECT_ID,REFERENCE) VALUES (47,14,4);
INSERT INTO OBJREFERENCE (ATTR_ID,OBJECT_ID,REFERENCE) VALUES (48,14,5);

INSERT INTO OBJECTS (OBJECT_ID,PARENT_ID,OBJECT_TYPE_ID,NAME,DESCRIPTION,OBJECT_VERSION) VALUES (30,NULL,5,'Vacation2',NULL,1);
INSERT INTO ATTRIBUTES (ATTR_ID,OBJECT_ID,VALUE,DATE_VALUE,LIST_VALUE_ID) VALUES (41,30,NULL,'10.06.2018',NULL);
INSERT INTO ATTRIBUTES (ATTR_ID,OBJECT_ID,VALUE,DATE_VALUE,LIST_VALUE_ID) VALUES (42,30,NULL,'20.06.2018',NULL);
INSERT INTO ATTRIBUTES (ATTR_ID,OBJECT_ID,VALUE,DATE_VALUE,LIST_VALUE_ID) VALUES (43,30,NULL,NULL,0);
INSERT INTO ATTRIBUTES (ATTR_ID,OBJECT_ID,VALUE,DATE_VALUE,LIST_VALUE_ID) VALUES (44,30,NULL,NULL,0);
INSERT INTO OBJREFERENCE (ATTR_ID,OBJECT_ID,REFERENCE) VALUES (45,30,21);
INSERT INTO OBJREFERENCE (ATTR_ID,OBJECT_ID,REFERENCE) VALUES (46,30,1);
INSERT INTO OBJREFERENCE (ATTR_ID,OBJECT_ID,REFERENCE) VALUES (47,30,4);
INSERT INTO OBJREFERENCE (ATTR_ID,OBJECT_ID,REFERENCE) VALUES (48,30,5);

INSERT INTO OBJECTS (OBJECT_ID,PARENT_ID,OBJECT_TYPE_ID,NAME,DESCRIPTION,OBJECT_VERSION) VALUES (31,NULL,5,'Vacation3',NULL,1);
INSERT INTO ATTRIBUTES (ATTR_ID,OBJECT_ID,VALUE,DATE_VALUE,LIST_VALUE_ID) VALUES (41,31,NULL,'10.06.2018',NULL);
INSERT INTO ATTRIBUTES (ATTR_ID,OBJECT_ID,VALUE,DATE_VALUE,LIST_VALUE_ID) VALUES (42,31,NULL,'20.06.2018',NULL);
INSERT INTO ATTRIBUTES (ATTR_ID,OBJECT_ID,VALUE,DATE_VALUE,LIST_VALUE_ID) VALUES (43,31,NULL,NULL,0);
INSERT INTO ATTRIBUTES (ATTR_ID,OBJECT_ID,VALUE,DATE_VALUE,LIST_VALUE_ID) VALUES (44,31,NULL,NULL,0);
INSERT INTO OBJREFERENCE (ATTR_ID,OBJECT_ID,REFERENCE) VALUES (45,31,20);
INSERT INTO OBJREFERENCE (ATTR_ID,OBJECT_ID,REFERENCE) VALUES (46,31,1);
INSERT INTO OBJREFERENCE (ATTR_ID,OBJECT_ID,REFERENCE) VALUES (47,31,4);
INSERT INTO OBJREFERENCE (ATTR_ID,OBJECT_ID,REFERENCE) VALUES (48,31,5);

INSERT INTO OBJECTS (OBJECT_ID,PARENT_ID,OBJECT_TYPE_ID,NAME,DESCRIPTION,OBJECT_VERSION) VALUES (32,NULL,5,'Vacation4',NULL,1);
INSERT INTO ATTRIBUTES (ATTR_ID,OBJECT_ID,VALUE,DATE_VALUE,LIST_VALUE_ID) VALUES (41,32,NULL,'10.06.2018',NULL);
INSERT INTO ATTRIBUTES (ATTR_ID,OBJECT_ID,VALUE,DATE_VALUE,LIST_VALUE_ID) VALUES (42,32,NULL,'20.06.2018',NULL);
INSERT INTO ATTRIBUTES (ATTR_ID,OBJECT_ID,VALUE,DATE_VALUE,LIST_VALUE_ID) VALUES (43,32,NULL,NULL,0);
INSERT INTO ATTRIBUTES (ATTR_ID,OBJECT_ID,VALUE,DATE_VALUE,LIST_VALUE_ID) VALUES (44,32,NULL,NULL,0);
INSERT INTO OBJREFERENCE (ATTR_ID,OBJECT_ID,REFERENCE) VALUES (45,32,17);
INSERT INTO OBJREFERENCE (ATTR_ID,OBJECT_ID,REFERENCE) VALUES (46,32,1);
INSERT INTO OBJREFERENCE (ATTR_ID,OBJECT_ID,REFERENCE) VALUES (47,32,4);
INSERT INTO OBJREFERENCE (ATTR_ID,OBJECT_ID,REFERENCE) VALUES (48,32,5);

INSERT INTO OBJECTS (OBJECT_ID,PARENT_ID,OBJECT_TYPE_ID,NAME,DESCRIPTION,OBJECT_VERSION) VALUES (58,NULL,5,'Vacation5',NULL,1);
INSERT INTO ATTRIBUTES (ATTR_ID,OBJECT_ID,VALUE,DATE_VALUE,LIST_VALUE_ID) VALUES (41,58,NULL,'10.06.2018',NULL);
INSERT INTO ATTRIBUTES (ATTR_ID,OBJECT_ID,VALUE,DATE_VALUE,LIST_VALUE_ID) VALUES (42,58,NULL,'20.06.2018',NULL);
INSERT INTO ATTRIBUTES (ATTR_ID,OBJECT_ID,VALUE,DATE_VALUE,LIST_VALUE_ID) VALUES (43,58,NULL,NULL,0);
INSERT INTO ATTRIBUTES (ATTR_ID,OBJECT_ID,VALUE,DATE_VALUE,LIST_VALUE_ID) VALUES (44,58,NULL,NULL,0);
INSERT INTO OBJREFERENCE (ATTR_ID,OBJECT_ID,REFERENCE) VALUES (45,58,39);
INSERT INTO OBJREFERENCE (ATTR_ID,OBJECT_ID,REFERENCE) VALUES (46,58,2);
INSERT INTO OBJREFERENCE (ATTR_ID,OBJECT_ID,REFERENCE) VALUES (47,58,34);
INSERT INTO OBJREFERENCE (ATTR_ID,OBJECT_ID,REFERENCE) VALUES (48,58,34);

INSERT INTO OBJECTS (OBJECT_ID,PARENT_ID,OBJECT_TYPE_ID,NAME,DESCRIPTION,OBJECT_VERSION) VALUES (59,NULL,5,'Vacation6',NULL,1);
INSERT INTO ATTRIBUTES (ATTR_ID,OBJECT_ID,VALUE,DATE_VALUE,LIST_VALUE_ID) VALUES (41,59,NULL,'20.06.2018',NULL);
INSERT INTO ATTRIBUTES (ATTR_ID,OBJECT_ID,VALUE,DATE_VALUE,LIST_VALUE_ID) VALUES (42,59,NULL,'01.07.2018',NULL);
INSERT INTO ATTRIBUTES (ATTR_ID,OBJECT_ID,VALUE,DATE_VALUE,LIST_VALUE_ID) VALUES (43,59,NULL,NULL,0);
INSERT INTO ATTRIBUTES (ATTR_ID,OBJECT_ID,VALUE,DATE_VALUE,LIST_VALUE_ID) VALUES (44,59,NULL,NULL,0);
INSERT INTO OBJREFERENCE (ATTR_ID,OBJECT_ID,REFERENCE) VALUES (45,59,40);
INSERT INTO OBJREFERENCE (ATTR_ID,OBJECT_ID,REFERENCE) VALUES (46,59,1);
INSERT INTO OBJREFERENCE (ATTR_ID,OBJECT_ID,REFERENCE) VALUES (47,59,34);
INSERT INTO OBJREFERENCE (ATTR_ID,OBJECT_ID,REFERENCE) VALUES (48,59,34);

INSERT INTO OBJECTS (OBJECT_ID,PARENT_ID,OBJECT_TYPE_ID,NAME,DESCRIPTION,OBJECT_VERSION) VALUES (60,NULL,5,'Vacation7',NULL,1);
INSERT INTO ATTRIBUTES (ATTR_ID,OBJECT_ID,VALUE,DATE_VALUE,LIST_VALUE_ID) VALUES (41,60,NULL,'10.07.2018',NULL);
INSERT INTO ATTRIBUTES (ATTR_ID,OBJECT_ID,VALUE,DATE_VALUE,LIST_VALUE_ID) VALUES (42,60,NULL,'22.08.2018',NULL);
INSERT INTO ATTRIBUTES (ATTR_ID,OBJECT_ID,VALUE,DATE_VALUE,LIST_VALUE_ID) VALUES (43,60,NULL,NULL,0);
INSERT INTO ATTRIBUTES (ATTR_ID,OBJECT_ID,VALUE,DATE_VALUE,LIST_VALUE_ID) VALUES (44,60,NULL,NULL,0);
INSERT INTO OBJREFERENCE (ATTR_ID,OBJECT_ID,REFERENCE) VALUES (45,60,37);
INSERT INTO OBJREFERENCE (ATTR_ID,OBJECT_ID,REFERENCE) VALUES (46,60,1);
INSERT INTO OBJREFERENCE (ATTR_ID,OBJECT_ID,REFERENCE) VALUES (47,60,34);
INSERT INTO OBJREFERENCE (ATTR_ID,OBJECT_ID,REFERENCE) VALUES (48,60,34);

INSERT INTO OBJECTS (OBJECT_ID,PARENT_ID,OBJECT_TYPE_ID,NAME,DESCRIPTION,OBJECT_VERSION) VALUES (300,NULL,3,'Dashboard Controller',NULL,1);
INSERT INTO ATTRIBUTES (ATTR_ID,OBJECT_ID,VALUE,DATE_VALUE,LIST_VALUE_ID) VALUES (20,300,'TASK1',NULL,NULL);
INSERT INTO ATTRIBUTES (ATTR_ID,OBJECT_ID,VALUE,DATE_VALUE,LIST_VALUE_ID) VALUES (21,300,NULL,NULL,1);
INSERT INTO ATTRIBUTES (ATTR_ID,OBJECT_ID,VALUE,DATE_VALUE,LIST_VALUE_ID) VALUES (22,300,NULL,'01.01.2018',NULL);
INSERT INTO ATTRIBUTES (ATTR_ID,OBJECT_ID,VALUE,DATE_VALUE,LIST_VALUE_ID) VALUES (23,300,NULL,NULL,NULL);
INSERT INTO ATTRIBUTES (ATTR_ID,OBJECT_ID,VALUE,DATE_VALUE,LIST_VALUE_ID) VALUES (24,300,NULL,'01.02.2018',NULL);
INSERT INTO ATTRIBUTES (ATTR_ID,OBJECT_ID,VALUE,DATE_VALUE,LIST_VALUE_ID) VALUES (25,300,NULL,NULL,0);
INSERT INTO ATTRIBUTES (ATTR_ID,OBJECT_ID,VALUE,DATE_VALUE,LIST_VALUE_ID) VALUES (26,300,NULL,NULL,0);
INSERT INTO ATTRIBUTES (ATTR_ID,OBJECT_ID,VALUE,DATE_VALUE,LIST_VALUE_ID) VALUES (27,300,'Dashboard Controller',NULL,NULL);
INSERT INTO ATTRIBUTES (ATTR_ID,OBJECT_ID,VALUE,DATE_VALUE,LIST_VALUE_ID) VALUES (28,300,'0',NULL,NULL);
INSERT INTO ATTRIBUTES (ATTR_ID,OBJECT_ID,VALUE,DATE_VALUE,LIST_VALUE_ID) VALUES (29,300,NULL,NULL,NULL);
INSERT INTO OBJREFERENCE (ATTR_ID,OBJECT_ID,REFERENCE) VALUES (30,300,4);
INSERT INTO OBJREFERENCE (ATTR_ID,OBJECT_ID,REFERENCE) VALUES (31,300,5);
INSERT INTO OBJREFERENCE (ATTR_ID,OBJECT_ID,REFERENCE) VALUES (32,300,2);



INSERT INTO OBJECTS (OBJECT_ID,PARENT_ID,OBJECT_TYPE_ID,NAME,DESCRIPTION,OBJECT_VERSION) VALUES (301,NULL,3,'Task Controller',NULL,1);
INSERT INTO ATTRIBUTES (ATTR_ID,OBJECT_ID,VALUE,DATE_VALUE,LIST_VALUE_ID) VALUES (20,301,'TASK2',NULL,NULL);
INSERT INTO ATTRIBUTES (ATTR_ID,OBJECT_ID,VALUE,DATE_VALUE,LIST_VALUE_ID) VALUES (21,301,NULL,NULL,0);
INSERT INTO ATTRIBUTES (ATTR_ID,OBJECT_ID,VALUE,DATE_VALUE,LIST_VALUE_ID) VALUES (22,301,NULL,'02.01.2018',NULL);
INSERT INTO ATTRIBUTES (ATTR_ID,OBJECT_ID,VALUE,DATE_VALUE,LIST_VALUE_ID) VALUES (23,301,NULL,NULL,NULL);
INSERT INTO ATTRIBUTES (ATTR_ID,OBJECT_ID,VALUE,DATE_VALUE,LIST_VALUE_ID) VALUES (24,301,NULL,'02.05.2018',NULL);
INSERT INTO ATTRIBUTES (ATTR_ID,OBJECT_ID,VALUE,DATE_VALUE,LIST_VALUE_ID) VALUES (25,301,NULL,NULL,1);
INSERT INTO ATTRIBUTES (ATTR_ID,OBJECT_ID,VALUE,DATE_VALUE,LIST_VALUE_ID) VALUES (26,301,NULL,NULL,0);
INSERT INTO ATTRIBUTES (ATTR_ID,OBJECT_ID,VALUE,DATE_VALUE,LIST_VALUE_ID) VALUES (27,301,'Task Controller',NULL,NULL);
INSERT INTO ATTRIBUTES (ATTR_ID,OBJECT_ID,VALUE,DATE_VALUE,LIST_VALUE_ID) VALUES (28,301,'0',NULL,NULL);
INSERT INTO ATTRIBUTES (ATTR_ID,OBJECT_ID,VALUE,DATE_VALUE,LIST_VALUE_ID) VALUES (29,301,NULL,NULL,NULL);
INSERT INTO OBJREFERENCE (ATTR_ID,OBJECT_ID,REFERENCE) VALUES (30,301,34);
INSERT INTO OBJREFERENCE (ATTR_ID,OBJECT_ID,REFERENCE) VALUES (31,301,15);
INSERT INTO OBJREFERENCE (ATTR_ID,OBJECT_ID,REFERENCE) VALUES (32,301,1);



INSERT INTO OBJECTS (OBJECT_ID,PARENT_ID,OBJECT_TYPE_ID,NAME,DESCRIPTION,OBJECT_VERSION) VALUES (302,NULL,3,'User controller',NULL,1);
INSERT INTO ATTRIBUTES (ATTR_ID,OBJECT_ID,VALUE,DATE_VALUE,LIST_VALUE_ID) VALUES (20,302,'User controller',NULL,NULL);
INSERT INTO ATTRIBUTES (ATTR_ID,OBJECT_ID,VALUE,DATE_VALUE,LIST_VALUE_ID) VALUES (21,302,NULL,NULL,1);
INSERT INTO ATTRIBUTES (ATTR_ID,OBJECT_ID,VALUE,DATE_VALUE,LIST_VALUE_ID) VALUES (22,302,NULL,'05.01.2018',NULL);
INSERT INTO ATTRIBUTES (ATTR_ID,OBJECT_ID,VALUE,DATE_VALUE,LIST_VALUE_ID) VALUES (23,302,NULL,NULL,NULL);
INSERT INTO ATTRIBUTES (ATTR_ID,OBJECT_ID,VALUE,DATE_VALUE,LIST_VALUE_ID) VALUES (24,302,NULL,'16.01.2018',NULL);
INSERT INTO ATTRIBUTES (ATTR_ID,OBJECT_ID,VALUE,DATE_VALUE,LIST_VALUE_ID) VALUES (25,302,NULL,NULL,2);
INSERT INTO ATTRIBUTES (ATTR_ID,OBJECT_ID,VALUE,DATE_VALUE,LIST_VALUE_ID) VALUES (26,302,NULL,NULL,0);
INSERT INTO ATTRIBUTES (ATTR_ID,OBJECT_ID,VALUE,DATE_VALUE,LIST_VALUE_ID) VALUES (27,302,'User controller description',NULL,NULL);
INSERT INTO ATTRIBUTES (ATTR_ID,OBJECT_ID,VALUE,DATE_VALUE,LIST_VALUE_ID) VALUES (28,302,'2',NULL,NULL);
INSERT INTO ATTRIBUTES (ATTR_ID,OBJECT_ID,VALUE,DATE_VALUE,LIST_VALUE_ID) VALUES (29,302,NULL,NULL,NULL);
INSERT INTO OBJREFERENCE (ATTR_ID,OBJECT_ID,REFERENCE) VALUES (30,302,4);
INSERT INTO OBJREFERENCE (ATTR_ID,OBJECT_ID,REFERENCE) VALUES (31,302,16);
INSERT INTO OBJREFERENCE (ATTR_ID,OBJECT_ID,REFERENCE) VALUES (32,302,2);



INSERT INTO OBJECTS (OBJECT_ID,PARENT_ID,OBJECT_TYPE_ID,NAME,DESCRIPTION,OBJECT_VERSION) VALUES (303,NULL,3,'Business Trip controller',NULL,1);
INSERT INTO ATTRIBUTES (ATTR_ID,OBJECT_ID,VALUE,DATE_VALUE,LIST_VALUE_ID) VALUES (20,303,'Business Trip controller',NULL,NULL);
INSERT INTO ATTRIBUTES (ATTR_ID,OBJECT_ID,VALUE,DATE_VALUE,LIST_VALUE_ID) VALUES (21,303,NULL,NULL,0);
INSERT INTO ATTRIBUTES (ATTR_ID,OBJECT_ID,VALUE,DATE_VALUE,LIST_VALUE_ID) VALUES (22,303,NULL,'11.01.2018',NULL);
INSERT INTO ATTRIBUTES (ATTR_ID,OBJECT_ID,VALUE,DATE_VALUE,LIST_VALUE_ID) VALUES (23,303,NULL,NULL,NULL);
INSERT INTO ATTRIBUTES (ATTR_ID,OBJECT_ID,VALUE,DATE_VALUE,LIST_VALUE_ID) VALUES (24,303,NULL,'22.04.2018',NULL);
INSERT INTO ATTRIBUTES (ATTR_ID,OBJECT_ID,VALUE,DATE_VALUE,LIST_VALUE_ID) VALUES (25,303,NULL,NULL,3);
INSERT INTO ATTRIBUTES (ATTR_ID,OBJECT_ID,VALUE,DATE_VALUE,LIST_VALUE_ID) VALUES (26,303,NULL,NULL,0);
INSERT INTO ATTRIBUTES (ATTR_ID,OBJECT_ID,VALUE,DATE_VALUE,LIST_VALUE_ID) VALUES (27,303,'Business Trip description',NULL,NULL);
INSERT INTO ATTRIBUTES (ATTR_ID,OBJECT_ID,VALUE,DATE_VALUE,LIST_VALUE_ID) VALUES (28,303,'0',NULL,NULL);
INSERT INTO ATTRIBUTES (ATTR_ID,OBJECT_ID,VALUE,DATE_VALUE,LIST_VALUE_ID) VALUES (29,303,NULL,NULL,NULL);
INSERT INTO OBJREFERENCE (ATTR_ID,OBJECT_ID,REFERENCE) VALUES (30,303,34);
INSERT INTO OBJREFERENCE (ATTR_ID,OBJECT_ID,REFERENCE) VALUES (31,303,17);
INSERT INTO OBJREFERENCE (ATTR_ID,OBJECT_ID,REFERENCE) VALUES (32,303,1);

INSERT INTO OBJECTS (OBJECT_ID,PARENT_ID,OBJECT_TYPE_ID,NAME,DESCRIPTION,OBJECT_VERSION) VALUES (304,NULL,3,'Vacation Controller',NULL,1);
INSERT INTO ATTRIBUTES (ATTR_ID,OBJECT_ID,VALUE,DATE_VALUE,LIST_VALUE_ID) VALUES (20,304,'Vacation Controller',NULL,NULL);
INSERT INTO ATTRIBUTES (ATTR_ID,OBJECT_ID,VALUE,DATE_VALUE,LIST_VALUE_ID) VALUES (21,304,NULL,NULL,1);
INSERT INTO ATTRIBUTES (ATTR_ID,OBJECT_ID,VALUE,DATE_VALUE,LIST_VALUE_ID) VALUES (22,304,NULL,'06.01.2018',NULL);
INSERT INTO ATTRIBUTES (ATTR_ID,OBJECT_ID,VALUE,DATE_VALUE,LIST_VALUE_ID) VALUES (23,304,NULL,NULL,NULL);
INSERT INTO ATTRIBUTES (ATTR_ID,OBJECT_ID,VALUE,DATE_VALUE,LIST_VALUE_ID) VALUES (24,304,NULL,'28.04.2018',NULL);
INSERT INTO ATTRIBUTES (ATTR_ID,OBJECT_ID,VALUE,DATE_VALUE,LIST_VALUE_ID) VALUES (25,304,NULL,NULL,0);
INSERT INTO ATTRIBUTES (ATTR_ID,OBJECT_ID,VALUE,DATE_VALUE,LIST_VALUE_ID) VALUES (26,304,NULL,NULL,0);
INSERT INTO ATTRIBUTES (ATTR_ID,OBJECT_ID,VALUE,DATE_VALUE,LIST_VALUE_ID) VALUES (27,304,'Vacation description',NULL,NULL);
INSERT INTO ATTRIBUTES (ATTR_ID,OBJECT_ID,VALUE,DATE_VALUE,LIST_VALUE_ID) VALUES (28,304,'0',NULL,NULL);
INSERT INTO ATTRIBUTES (ATTR_ID,OBJECT_ID,VALUE,DATE_VALUE,LIST_VALUE_ID) VALUES (29,304,NULL,NULL,NULL);
INSERT INTO OBJREFERENCE (ATTR_ID,OBJECT_ID,REFERENCE) VALUES (30,304,4);
INSERT INTO OBJREFERENCE (ATTR_ID,OBJECT_ID,REFERENCE) VALUES (31,304,18);
INSERT INTO OBJREFERENCE (ATTR_ID,OBJECT_ID,REFERENCE) VALUES (32,304,2);

INSERT INTO OBJECTS (OBJECT_ID,PARENT_ID,OBJECT_TYPE_ID,NAME,DESCRIPTION,OBJECT_VERSION) VALUES (305,NULL,3,'Working Day Controller',NULL,1);
INSERT INTO ATTRIBUTES (ATTR_ID,OBJECT_ID,VALUE,DATE_VALUE,LIST_VALUE_ID) VALUES (20,305,'Working Day Controller',NULL,NULL);
INSERT INTO ATTRIBUTES (ATTR_ID,OBJECT_ID,VALUE,DATE_VALUE,LIST_VALUE_ID) VALUES (21,305,NULL,NULL,0);
INSERT INTO ATTRIBUTES (ATTR_ID,OBJECT_ID,VALUE,DATE_VALUE,LIST_VALUE_ID) VALUES (22,305,NULL,'15.01.2018',NULL);
INSERT INTO ATTRIBUTES (ATTR_ID,OBJECT_ID,VALUE,DATE_VALUE,LIST_VALUE_ID) VALUES (23,305,NULL,NULL,NULL);
INSERT INTO ATTRIBUTES (ATTR_ID,OBJECT_ID,VALUE,DATE_VALUE,LIST_VALUE_ID) VALUES (24,305,NULL,'12.03.2018',NULL);
INSERT INTO ATTRIBUTES (ATTR_ID,OBJECT_ID,VALUE,DATE_VALUE,LIST_VALUE_ID) VALUES (25,305,NULL,NULL,1);
INSERT INTO ATTRIBUTES (ATTR_ID,OBJECT_ID,VALUE,DATE_VALUE,LIST_VALUE_ID) VALUES (26,305,NULL,NULL,0);
INSERT INTO ATTRIBUTES (ATTR_ID,OBJECT_ID,VALUE,DATE_VALUE,LIST_VALUE_ID) VALUES (27,305,'Working Day description',NULL,NULL);
INSERT INTO ATTRIBUTES (ATTR_ID,OBJECT_ID,VALUE,DATE_VALUE,LIST_VALUE_ID) VALUES (28,305,'0',NULL,NULL);
INSERT INTO ATTRIBUTES (ATTR_ID,OBJECT_ID,VALUE,DATE_VALUE,LIST_VALUE_ID) VALUES (29,305,NULL,NULL,NULL);
INSERT INTO OBJREFERENCE (ATTR_ID,OBJECT_ID,REFERENCE) VALUES (30,305,34);
INSERT INTO OBJREFERENCE (ATTR_ID,OBJECT_ID,REFERENCE) VALUES (31,305,19);
INSERT INTO OBJREFERENCE (ATTR_ID,OBJECT_ID,REFERENCE) VALUES (32,305,1);

INSERT INTO OBJECTS (OBJECT_ID,PARENT_ID,OBJECT_TYPE_ID,NAME,DESCRIPTION,OBJECT_VERSION) VALUES (306,NULL,3,'Project Controller',NULL,1);
INSERT INTO ATTRIBUTES (ATTR_ID,OBJECT_ID,VALUE,DATE_VALUE,LIST_VALUE_ID) VALUES (20,306,'Project Controller',NULL,NULL);
INSERT INTO ATTRIBUTES (ATTR_ID,OBJECT_ID,VALUE,DATE_VALUE,LIST_VALUE_ID) VALUES (21,306,NULL,NULL,1);
INSERT INTO ATTRIBUTES (ATTR_ID,OBJECT_ID,VALUE,DATE_VALUE,LIST_VALUE_ID) VALUES (22,306,NULL,'03.02.2018',NULL);
INSERT INTO ATTRIBUTES (ATTR_ID,OBJECT_ID,VALUE,DATE_VALUE,LIST_VALUE_ID) VALUES (23,306,NULL,NULL,NULL);
INSERT INTO ATTRIBUTES (ATTR_ID,OBJECT_ID,VALUE,DATE_VALUE,LIST_VALUE_ID) VALUES (24,306,NULL,'04.03.2018',NULL);
INSERT INTO ATTRIBUTES (ATTR_ID,OBJECT_ID,VALUE,DATE_VALUE,LIST_VALUE_ID) VALUES (25,306,NULL,NULL,2);
INSERT INTO ATTRIBUTES (ATTR_ID,OBJECT_ID,VALUE,DATE_VALUE,LIST_VALUE_ID) VALUES (26,306,NULL,NULL,0);
INSERT INTO ATTRIBUTES (ATTR_ID,OBJECT_ID,VALUE,DATE_VALUE,LIST_VALUE_ID) VALUES (27,306,'Project description',NULL,NULL);
INSERT INTO ATTRIBUTES (ATTR_ID,OBJECT_ID,VALUE,DATE_VALUE,LIST_VALUE_ID) VALUES (28,306,'0',NULL,NULL);
INSERT INTO ATTRIBUTES (ATTR_ID,OBJECT_ID,VALUE,DATE_VALUE,LIST_VALUE_ID) VALUES (29,306,NULL,NULL,NULL);
INSERT INTO OBJREFERENCE (ATTR_ID,OBJECT_ID,REFERENCE) VALUES (30,306,4);
INSERT INTO OBJREFERENCE (ATTR_ID,OBJECT_ID,REFERENCE) VALUES (31,306,33);
INSERT INTO OBJREFERENCE (ATTR_ID,OBJECT_ID,REFERENCE) VALUES (32,306,2);

INSERT INTO OBJECTS (OBJECT_ID,PARENT_ID,OBJECT_TYPE_ID,NAME,DESCRIPTION,OBJECT_VERSION) VALUES (307,NULL,3,'Statistic Controller',NULL,1);
INSERT INTO ATTRIBUTES (ATTR_ID,OBJECT_ID,VALUE,DATE_VALUE,LIST_VALUE_ID) VALUES (20,307,'Statistic Controller',NULL,NULL);
INSERT INTO ATTRIBUTES (ATTR_ID,OBJECT_ID,VALUE,DATE_VALUE,LIST_VALUE_ID) VALUES (21,307,NULL,NULL,0);
INSERT INTO ATTRIBUTES (ATTR_ID,OBJECT_ID,VALUE,DATE_VALUE,LIST_VALUE_ID) VALUES (22,307,NULL,'12.01.2018',NULL);
INSERT INTO ATTRIBUTES (ATTR_ID,OBJECT_ID,VALUE,DATE_VALUE,LIST_VALUE_ID) VALUES (23,307,NULL,NULL,NULL);
INSERT INTO ATTRIBUTES (ATTR_ID,OBJECT_ID,VALUE,DATE_VALUE,LIST_VALUE_ID) VALUES (24,307,NULL,'22.01.2018',NULL);
INSERT INTO ATTRIBUTES (ATTR_ID,OBJECT_ID,VALUE,DATE_VALUE,LIST_VALUE_ID) VALUES (25,307,NULL,NULL,3);
INSERT INTO ATTRIBUTES (ATTR_ID,OBJECT_ID,VALUE,DATE_VALUE,LIST_VALUE_ID) VALUES (26,307,NULL,NULL,0);
INSERT INTO ATTRIBUTES (ATTR_ID,OBJECT_ID,VALUE,DATE_VALUE,LIST_VALUE_ID) VALUES (27,307,'Statistic description',NULL,NULL);
INSERT INTO ATTRIBUTES (ATTR_ID,OBJECT_ID,VALUE,DATE_VALUE,LIST_VALUE_ID) VALUES (28,307,'0',NULL,NULL);
INSERT INTO ATTRIBUTES (ATTR_ID,OBJECT_ID,VALUE,DATE_VALUE,LIST_VALUE_ID) VALUES (29,307,NULL,NULL,NULL);
INSERT INTO OBJREFERENCE (ATTR_ID,OBJECT_ID,REFERENCE) VALUES (30,307,34);
INSERT INTO OBJREFERENCE (ATTR_ID,OBJECT_ID,REFERENCE) VALUES (31,307,35);
INSERT INTO OBJREFERENCE (ATTR_ID,OBJECT_ID,REFERENCE) VALUES (32,307,1);

INSERT INTO OBJECTS (OBJECT_ID,PARENT_ID,OBJECT_TYPE_ID,NAME,DESCRIPTION,OBJECT_VERSION) VALUES (308,NULL,3,'User Entity',NULL,1);
INSERT INTO ATTRIBUTES (ATTR_ID,OBJECT_ID,VALUE,DATE_VALUE,LIST_VALUE_ID) VALUES (20,308,'User Entity',NULL,NULL);
INSERT INTO ATTRIBUTES (ATTR_ID,OBJECT_ID,VALUE,DATE_VALUE,LIST_VALUE_ID) VALUES (21,308,NULL,NULL,1);
INSERT INTO ATTRIBUTES (ATTR_ID,OBJECT_ID,VALUE,DATE_VALUE,LIST_VALUE_ID) VALUES (22,308,NULL,'24.01.2018',NULL);
INSERT INTO ATTRIBUTES (ATTR_ID,OBJECT_ID,VALUE,DATE_VALUE,LIST_VALUE_ID) VALUES (23,308,NULL,NULL,NULL);
INSERT INTO ATTRIBUTES (ATTR_ID,OBJECT_ID,VALUE,DATE_VALUE,LIST_VALUE_ID) VALUES (24,308,NULL,'29.01.2018',NULL);
INSERT INTO ATTRIBUTES (ATTR_ID,OBJECT_ID,VALUE,DATE_VALUE,LIST_VALUE_ID) VALUES (25,308,NULL,NULL,1);
INSERT INTO ATTRIBUTES (ATTR_ID,OBJECT_ID,VALUE,DATE_VALUE,LIST_VALUE_ID) VALUES (26,308,NULL,NULL,0);
INSERT INTO ATTRIBUTES (ATTR_ID,OBJECT_ID,VALUE,DATE_VALUE,LIST_VALUE_ID) VALUES (27,308,'User entity description',NULL,NULL);
INSERT INTO ATTRIBUTES (ATTR_ID,OBJECT_ID,VALUE,DATE_VALUE,LIST_VALUE_ID) VALUES (28,308,'0',NULL,NULL);
INSERT INTO ATTRIBUTES (ATTR_ID,OBJECT_ID,VALUE,DATE_VALUE,LIST_VALUE_ID) VALUES (29,308,NULL,NULL,NULL);
INSERT INTO OBJREFERENCE (ATTR_ID,OBJECT_ID,REFERENCE) VALUES (30,308,4);
INSERT INTO OBJREFERENCE (ATTR_ID,OBJECT_ID,REFERENCE) VALUES (31,308,40);
INSERT INTO OBJREFERENCE (ATTR_ID,OBJECT_ID,REFERENCE) VALUES (32,308,2);

INSERT INTO OBJECTS (OBJECT_ID,PARENT_ID,OBJECT_TYPE_ID,NAME,DESCRIPTION,OBJECT_VERSION) VALUES (309,NULL,3,'Task entity',NULL,1);
INSERT INTO ATTRIBUTES (ATTR_ID,OBJECT_ID,VALUE,DATE_VALUE,LIST_VALUE_ID) VALUES (20,309,'Task entity',NULL,NULL);
INSERT INTO ATTRIBUTES (ATTR_ID,OBJECT_ID,VALUE,DATE_VALUE,LIST_VALUE_ID) VALUES (21,309,NULL,NULL,0);
INSERT INTO ATTRIBUTES (ATTR_ID,OBJECT_ID,VALUE,DATE_VALUE,LIST_VALUE_ID) VALUES (22,309,NULL,'22.01.2018',NULL);
INSERT INTO ATTRIBUTES (ATTR_ID,OBJECT_ID,VALUE,DATE_VALUE,LIST_VALUE_ID) VALUES (23,309,NULL,NULL,NULL);
INSERT INTO ATTRIBUTES (ATTR_ID,OBJECT_ID,VALUE,DATE_VALUE,LIST_VALUE_ID) VALUES (24,309,NULL,'22.02.2018',NULL);
INSERT INTO ATTRIBUTES (ATTR_ID,OBJECT_ID,VALUE,DATE_VALUE,LIST_VALUE_ID) VALUES (25,309,NULL,NULL,0);
INSERT INTO ATTRIBUTES (ATTR_ID,OBJECT_ID,VALUE,DATE_VALUE,LIST_VALUE_ID) VALUES (26,309,NULL,NULL,0);
INSERT INTO ATTRIBUTES (ATTR_ID,OBJECT_ID,VALUE,DATE_VALUE,LIST_VALUE_ID) VALUES (27,309,'Task entity description',NULL,NULL);
INSERT INTO ATTRIBUTES (ATTR_ID,OBJECT_ID,VALUE,DATE_VALUE,LIST_VALUE_ID) VALUES (28,309,'0',NULL,NULL);
INSERT INTO ATTRIBUTES (ATTR_ID,OBJECT_ID,VALUE,DATE_VALUE,LIST_VALUE_ID) VALUES (29,309,NULL,NULL,NULL);
INSERT INTO OBJREFERENCE (ATTR_ID,OBJECT_ID,REFERENCE) VALUES (30,309,34);
INSERT INTO OBJREFERENCE (ATTR_ID,OBJECT_ID,REFERENCE) VALUES (31,309,62);
INSERT INTO OBJREFERENCE (ATTR_ID,OBJECT_ID,REFERENCE) VALUES (32,309,1);

INSERT INTO OBJECTS (OBJECT_ID,PARENT_ID,OBJECT_TYPE_ID,NAME,DESCRIPTION,OBJECT_VERSION) VALUES (310,NULL,3,'Comment entity',NULL,1);
INSERT INTO ATTRIBUTES (ATTR_ID,OBJECT_ID,VALUE,DATE_VALUE,LIST_VALUE_ID) VALUES (20,310,'Comment entity',NULL,NULL);
INSERT INTO ATTRIBUTES (ATTR_ID,OBJECT_ID,VALUE,DATE_VALUE,LIST_VALUE_ID) VALUES (21,310,NULL,NULL,0);
INSERT INTO ATTRIBUTES (ATTR_ID,OBJECT_ID,VALUE,DATE_VALUE,LIST_VALUE_ID) VALUES (22,310,NULL,'15.01.2018',NULL);
INSERT INTO ATTRIBUTES (ATTR_ID,OBJECT_ID,VALUE,DATE_VALUE,LIST_VALUE_ID) VALUES (23,310,NULL,NULL,NULL);
INSERT INTO ATTRIBUTES (ATTR_ID,OBJECT_ID,VALUE,DATE_VALUE,LIST_VALUE_ID) VALUES (24,310,NULL,'28.02.2018',NULL);
INSERT INTO ATTRIBUTES (ATTR_ID,OBJECT_ID,VALUE,DATE_VALUE,LIST_VALUE_ID) VALUES (25,310,NULL,NULL,1);
INSERT INTO ATTRIBUTES (ATTR_ID,OBJECT_ID,VALUE,DATE_VALUE,LIST_VALUE_ID) VALUES (26,310,NULL,NULL,0);
INSERT INTO ATTRIBUTES (ATTR_ID,OBJECT_ID,VALUE,DATE_VALUE,LIST_VALUE_ID) VALUES (27,310,'Comment entity description',NULL,NULL);
INSERT INTO ATTRIBUTES (ATTR_ID,OBJECT_ID,VALUE,DATE_VALUE,LIST_VALUE_ID) VALUES (28,310,'0',NULL,NULL);
INSERT INTO ATTRIBUTES (ATTR_ID,OBJECT_ID,VALUE,DATE_VALUE,LIST_VALUE_ID) VALUES (29,310,NULL,NULL,NULL);
INSERT INTO OBJREFERENCE (ATTR_ID,OBJECT_ID,REFERENCE) VALUES (30,310,4);
INSERT INTO OBJREFERENCE (ATTR_ID,OBJECT_ID,REFERENCE) VALUES (31,310,68);
INSERT INTO OBJREFERENCE (ATTR_ID,OBJECT_ID,REFERENCE) VALUES (32,310,2);


INSERT INTO OBJECTS (OBJECT_ID,PARENT_ID,OBJECT_TYPE_ID,NAME,DESCRIPTION,OBJECT_VERSION) VALUES (311,NULL,3,'Vacation entity',NULL,1);
INSERT INTO ATTRIBUTES (ATTR_ID,OBJECT_ID,VALUE,DATE_VALUE,LIST_VALUE_ID) VALUES (20,311,'Vacation entity',NULL,NULL);
INSERT INTO ATTRIBUTES (ATTR_ID,OBJECT_ID,VALUE,DATE_VALUE,LIST_VALUE_ID) VALUES (21,311,NULL,NULL,0);
INSERT INTO ATTRIBUTES (ATTR_ID,OBJECT_ID,VALUE,DATE_VALUE,LIST_VALUE_ID) VALUES (22,311,NULL,'01.02.2018',NULL);
INSERT INTO ATTRIBUTES (ATTR_ID,OBJECT_ID,VALUE,DATE_VALUE,LIST_VALUE_ID) VALUES (23,311,NULL,NULL,NULL);
INSERT INTO ATTRIBUTES (ATTR_ID,OBJECT_ID,VALUE,DATE_VALUE,LIST_VALUE_ID) VALUES (24,311,NULL,'21.02.2018',NULL);
INSERT INTO ATTRIBUTES (ATTR_ID,OBJECT_ID,VALUE,DATE_VALUE,LIST_VALUE_ID) VALUES (25,311,NULL,NULL,3);
INSERT INTO ATTRIBUTES (ATTR_ID,OBJECT_ID,VALUE,DATE_VALUE,LIST_VALUE_ID) VALUES (26,311,NULL,NULL,0);
INSERT INTO ATTRIBUTES (ATTR_ID,OBJECT_ID,VALUE,DATE_VALUE,LIST_VALUE_ID) VALUES (27,311,'Vacation entity',NULL,NULL);
INSERT INTO ATTRIBUTES (ATTR_ID,OBJECT_ID,VALUE,DATE_VALUE,LIST_VALUE_ID) VALUES (28,311,'0',NULL,NULL);
INSERT INTO ATTRIBUTES (ATTR_ID,OBJECT_ID,VALUE,DATE_VALUE,LIST_VALUE_ID) VALUES (29,311,NULL,NULL,NULL);
INSERT INTO OBJREFERENCE (ATTR_ID,OBJECT_ID,REFERENCE) VALUES (30,311,34);
INSERT INTO OBJREFERENCE (ATTR_ID,OBJECT_ID,REFERENCE) VALUES (31,311,63);
INSERT INTO OBJREFERENCE (ATTR_ID,OBJECT_ID,REFERENCE) VALUES (32,311,1);


INSERT INTO OBJECTS (OBJECT_ID,PARENT_ID,OBJECT_TYPE_ID,NAME,DESCRIPTION,OBJECT_VERSION) VALUES (312,NULL,3,'Project entity',NULL,1);
INSERT INTO ATTRIBUTES (ATTR_ID,OBJECT_ID,VALUE,DATE_VALUE,LIST_VALUE_ID) VALUES (20,312,'Project entity',NULL,NULL);
INSERT INTO ATTRIBUTES (ATTR_ID,OBJECT_ID,VALUE,DATE_VALUE,LIST_VALUE_ID) VALUES (21,312,NULL,NULL,0);
INSERT INTO ATTRIBUTES (ATTR_ID,OBJECT_ID,VALUE,DATE_VALUE,LIST_VALUE_ID) VALUES (22,312,NULL,'11.02.2018',NULL);
INSERT INTO ATTRIBUTES (ATTR_ID,OBJECT_ID,VALUE,DATE_VALUE,LIST_VALUE_ID) VALUES (23,312,NULL,NULL,NULL);
INSERT INTO ATTRIBUTES (ATTR_ID,OBJECT_ID,VALUE,DATE_VALUE,LIST_VALUE_ID) VALUES (24,312,NULL,'21.02.2018',NULL);
INSERT INTO ATTRIBUTES (ATTR_ID,OBJECT_ID,VALUE,DATE_VALUE,LIST_VALUE_ID) VALUES (25,312,NULL,NULL,2);
INSERT INTO ATTRIBUTES (ATTR_ID,OBJECT_ID,VALUE,DATE_VALUE,LIST_VALUE_ID) VALUES (26,312,NULL,NULL,0);
INSERT INTO ATTRIBUTES (ATTR_ID,OBJECT_ID,VALUE,DATE_VALUE,LIST_VALUE_ID) VALUES (27,312,'Project entity description',NULL,NULL);
INSERT INTO ATTRIBUTES (ATTR_ID,OBJECT_ID,VALUE,DATE_VALUE,LIST_VALUE_ID) VALUES (28,312,'0',NULL,NULL);
INSERT INTO ATTRIBUTES (ATTR_ID,OBJECT_ID,VALUE,DATE_VALUE,LIST_VALUE_ID) VALUES (29,312,NULL,NULL,NULL);
INSERT INTO OBJREFERENCE (ATTR_ID,OBJECT_ID,REFERENCE) VALUES (30,312,4);
INSERT INTO OBJREFERENCE (ATTR_ID,OBJECT_ID,REFERENCE) VALUES (31,312,63);
INSERT INTO OBJREFERENCE (ATTR_ID,OBJECT_ID,REFERENCE) VALUES (32,312,2);


INSERT INTO OBJECTS (OBJECT_ID,PARENT_ID,OBJECT_TYPE_ID,NAME,DESCRIPTION,OBJECT_VERSION) VALUES (313,NULL,3,'Data transformation task',NULL,1);
INSERT INTO ATTRIBUTES (ATTR_ID,OBJECT_ID,VALUE,DATE_VALUE,LIST_VALUE_ID) VALUES (20,313,'Data transformation task',NULL,NULL);
INSERT INTO ATTRIBUTES (ATTR_ID,OBJECT_ID,VALUE,DATE_VALUE,LIST_VALUE_ID) VALUES (21,313,NULL,NULL,0);
INSERT INTO ATTRIBUTES (ATTR_ID,OBJECT_ID,VALUE,DATE_VALUE,LIST_VALUE_ID) VALUES (22,313,NULL,'06.04.2018',NULL);
INSERT INTO ATTRIBUTES (ATTR_ID,OBJECT_ID,VALUE,DATE_VALUE,LIST_VALUE_ID) VALUES (23,313,NULL,NULL,NULL);
INSERT INTO ATTRIBUTES (ATTR_ID,OBJECT_ID,VALUE,DATE_VALUE,LIST_VALUE_ID) VALUES (24,313,NULL,'22.04.2018',NULL);
INSERT INTO ATTRIBUTES (ATTR_ID,OBJECT_ID,VALUE,DATE_VALUE,LIST_VALUE_ID) VALUES (25,313,NULL,NULL,0);
INSERT INTO ATTRIBUTES (ATTR_ID,OBJECT_ID,VALUE,DATE_VALUE,LIST_VALUE_ID) VALUES (26,313,NULL,NULL,0);
INSERT INTO ATTRIBUTES (ATTR_ID,OBJECT_ID,VALUE,DATE_VALUE,LIST_VALUE_ID) VALUES (27,313,'Data transformation description',NULL,NULL);
INSERT INTO ATTRIBUTES (ATTR_ID,OBJECT_ID,VALUE,DATE_VALUE,LIST_VALUE_ID) VALUES (28,313,'0',NULL,NULL);
INSERT INTO ATTRIBUTES (ATTR_ID,OBJECT_ID,VALUE,DATE_VALUE,LIST_VALUE_ID) VALUES (29,313,NULL,NULL,NULL);
INSERT INTO OBJREFERENCE (ATTR_ID,OBJECT_ID,REFERENCE) VALUES (30,313,34);
INSERT INTO OBJREFERENCE (ATTR_ID,OBJECT_ID,REFERENCE) VALUES (31,313,15);
INSERT INTO OBJREFERENCE (ATTR_ID,OBJECT_ID,REFERENCE) VALUES (32,313,1);


INSERT INTO OBJECTS (OBJECT_ID,PARENT_ID,OBJECT_TYPE_ID,NAME,DESCRIPTION,OBJECT_VERSION) VALUES (314,NULL,3,'Mail sender service',NULL,1);
INSERT INTO ATTRIBUTES (ATTR_ID,OBJECT_ID,VALUE,DATE_VALUE,LIST_VALUE_ID) VALUES (20,314,'Mail sender service',NULL,NULL);
INSERT INTO ATTRIBUTES (ATTR_ID,OBJECT_ID,VALUE,DATE_VALUE,LIST_VALUE_ID) VALUES (21,314,NULL,NULL,1);
INSERT INTO ATTRIBUTES (ATTR_ID,OBJECT_ID,VALUE,DATE_VALUE,LIST_VALUE_ID) VALUES (22,314,NULL,'07.02.2018',NULL);
INSERT INTO ATTRIBUTES (ATTR_ID,OBJECT_ID,VALUE,DATE_VALUE,LIST_VALUE_ID) VALUES (23,314,NULL,NULL,NULL);
INSERT INTO ATTRIBUTES (ATTR_ID,OBJECT_ID,VALUE,DATE_VALUE,LIST_VALUE_ID) VALUES (24,314,NULL,'27.02.2018',NULL);
INSERT INTO ATTRIBUTES (ATTR_ID,OBJECT_ID,VALUE,DATE_VALUE,LIST_VALUE_ID) VALUES (25,314,NULL,NULL,1);
INSERT INTO ATTRIBUTES (ATTR_ID,OBJECT_ID,VALUE,DATE_VALUE,LIST_VALUE_ID) VALUES (26,314,NULL,NULL,0);
INSERT INTO ATTRIBUTES (ATTR_ID,OBJECT_ID,VALUE,DATE_VALUE,LIST_VALUE_ID) VALUES (27,314,'Mail sender description',NULL,NULL);
INSERT INTO ATTRIBUTES (ATTR_ID,OBJECT_ID,VALUE,DATE_VALUE,LIST_VALUE_ID) VALUES (28,314,'0',NULL,NULL);
INSERT INTO ATTRIBUTES (ATTR_ID,OBJECT_ID,VALUE,DATE_VALUE,LIST_VALUE_ID) VALUES (29,314,NULL,NULL,NULL);
INSERT INTO OBJREFERENCE (ATTR_ID,OBJECT_ID,REFERENCE) VALUES (30,314,4);
INSERT INTO OBJREFERENCE (ATTR_ID,OBJECT_ID,REFERENCE) VALUES (31,314,18);
INSERT INTO OBJREFERENCE (ATTR_ID,OBJECT_ID,REFERENCE) VALUES (32,314,2);


INSERT INTO OBJECTS (OBJECT_ID,PARENT_ID,OBJECT_TYPE_ID,NAME,DESCRIPTION,OBJECT_VERSION) VALUES (315,NULL,3,'Statistic service',NULL,1);
INSERT INTO ATTRIBUTES (ATTR_ID,OBJECT_ID,VALUE,DATE_VALUE,LIST_VALUE_ID) VALUES (20,315,'Statistic service',NULL,NULL);
INSERT INTO ATTRIBUTES (ATTR_ID,OBJECT_ID,VALUE,DATE_VALUE,LIST_VALUE_ID) VALUES (21,315,NULL,NULL,0);
INSERT INTO ATTRIBUTES (ATTR_ID,OBJECT_ID,VALUE,DATE_VALUE,LIST_VALUE_ID) VALUES (22,315,NULL,'14.02.2018',NULL);
INSERT INTO ATTRIBUTES (ATTR_ID,OBJECT_ID,VALUE,DATE_VALUE,LIST_VALUE_ID) VALUES (23,315,NULL,NULL,NULL);
INSERT INTO ATTRIBUTES (ATTR_ID,OBJECT_ID,VALUE,DATE_VALUE,LIST_VALUE_ID) VALUES (24,315,NULL,'24.02.2018',NULL);
INSERT INTO ATTRIBUTES (ATTR_ID,OBJECT_ID,VALUE,DATE_VALUE,LIST_VALUE_ID) VALUES (25,315,NULL,NULL,1);
INSERT INTO ATTRIBUTES (ATTR_ID,OBJECT_ID,VALUE,DATE_VALUE,LIST_VALUE_ID) VALUES (26,315,NULL,NULL,1);
INSERT INTO ATTRIBUTES (ATTR_ID,OBJECT_ID,VALUE,DATE_VALUE,LIST_VALUE_ID) VALUES (27,315,'Statistic description',NULL,NULL);
INSERT INTO ATTRIBUTES (ATTR_ID,OBJECT_ID,VALUE,DATE_VALUE,LIST_VALUE_ID) VALUES (28,315,'0',NULL,NULL);
INSERT INTO ATTRIBUTES (ATTR_ID,OBJECT_ID,VALUE,DATE_VALUE,LIST_VALUE_ID) VALUES (29,315,NULL,NULL,NULL);
INSERT INTO OBJREFERENCE (ATTR_ID,OBJECT_ID,REFERENCE) VALUES (30,315,34);
INSERT INTO OBJREFERENCE (ATTR_ID,OBJECT_ID,REFERENCE) VALUES (31,315,61);
INSERT INTO OBJREFERENCE (ATTR_ID,OBJECT_ID,REFERENCE) VALUES (32,315,1);

INSERT INTO OBJECTS (OBJECT_ID,PARENT_ID,OBJECT_TYPE_ID,NAME,DESCRIPTION,OBJECT_VERSION) VALUES (700,NULL,9,'Comment1',NULL,1);
INSERT INTO ATTRIBUTES (ATTR_ID,OBJECT_ID,VALUE,DATE_VALUE,LIST_VALUE_ID) VALUES (66,700,'At what stage of the task?',NULL,NULL);
INSERT INTO ATTRIBUTES (ATTR_ID,OBJECT_ID,VALUE,DATE_VALUE,LIST_VALUE_ID) VALUES (67,700,NULL,'11.01.2018',NULL);
INSERT INTO OBJREFERENCE (ATTR_ID,OBJECT_ID,REFERENCE) VALUES (68,700,4);
INSERT INTO OBJREFERENCE (ATTR_ID,OBJECT_ID,REFERENCE) VALUES (69,700,300);


INSERT INTO OBJECTS (OBJECT_ID,PARENT_ID,OBJECT_TYPE_ID,NAME,DESCRIPTION,OBJECT_VERSION) VALUES (701,NULL,9,'Comment3',NULL,1);
INSERT INTO ATTRIBUTES (ATTR_ID,OBJECT_ID,VALUE,DATE_VALUE,LIST_VALUE_ID) VALUES (66,701,'How are things on the project?',NULL,NULL);
INSERT INTO ATTRIBUTES (ATTR_ID,OBJECT_ID,VALUE,DATE_VALUE,LIST_VALUE_ID) VALUES (67,701,NULL,'15.01.2018',NULL);
INSERT INTO OBJREFERENCE (ATTR_ID,OBJECT_ID,REFERENCE) VALUES (68,701,34);
INSERT INTO OBJREFERENCE (ATTR_ID,OBJECT_ID,REFERENCE) VALUES (69,701,301);


INSERT INTO OBJECTS (OBJECT_ID,PARENT_ID,OBJECT_TYPE_ID,NAME,DESCRIPTION,OBJECT_VERSION) VALUES (702,NULL,9,'Comment4',NULL,1);
INSERT INTO ATTRIBUTES (ATTR_ID,OBJECT_ID,VALUE,DATE_VALUE,LIST_VALUE_ID) VALUES (66,702,'At what stage of the task?',NULL,NULL);
INSERT INTO ATTRIBUTES (ATTR_ID,OBJECT_ID,VALUE,DATE_VALUE,LIST_VALUE_ID) VALUES (67,702,NULL,'07.01.2018',NULL);
INSERT INTO OBJREFERENCE (ATTR_ID,OBJECT_ID,REFERENCE) VALUES (68,702,4);
INSERT INTO OBJREFERENCE (ATTR_ID,OBJECT_ID,REFERENCE) VALUES (69,702,302);


INSERT INTO OBJECTS (OBJECT_ID,PARENT_ID,OBJECT_TYPE_ID,NAME,DESCRIPTION,OBJECT_VERSION) VALUES (703,NULL,9,'Comment5',NULL,1);
INSERT INTO ATTRIBUTES (ATTR_ID,OBJECT_ID,VALUE,DATE_VALUE,LIST_VALUE_ID) VALUES (66,703,'What did you do all this time?',NULL,NULL);
INSERT INTO ATTRIBUTES (ATTR_ID,OBJECT_ID,VALUE,DATE_VALUE,LIST_VALUE_ID) VALUES (67,703,NULL,'27.02.2018',NULL);
INSERT INTO OBJREFERENCE (ATTR_ID,OBJECT_ID,REFERENCE) VALUES (68,703,34);
INSERT INTO OBJREFERENCE (ATTR_ID,OBJECT_ID,REFERENCE) VALUES (69,703,303);


INSERT INTO OBJECTS (OBJECT_ID,PARENT_ID,OBJECT_TYPE_ID,NAME,DESCRIPTION,OBJECT_VERSION) VALUES (704,NULL,9,'Comment6',NULL,1);
INSERT INTO ATTRIBUTES (ATTR_ID,OBJECT_ID,VALUE,DATE_VALUE,LIST_VALUE_ID) VALUES (66,704,'You missed the task, what will you do?',NULL,NULL);
INSERT INTO ATTRIBUTES (ATTR_ID,OBJECT_ID,VALUE,DATE_VALUE,LIST_VALUE_ID) VALUES (67,704,NULL,'12.03.2018',NULL);
INSERT INTO OBJREFERENCE (ATTR_ID,OBJECT_ID,REFERENCE) VALUES (68,704,4);
INSERT INTO OBJREFERENCE (ATTR_ID,OBJECT_ID,REFERENCE) VALUES (69,704,304);


INSERT INTO OBJECTS (OBJECT_ID,PARENT_ID,OBJECT_TYPE_ID,NAME,DESCRIPTION,OBJECT_VERSION) VALUES (705,NULL,9,'Comment7',NULL,1);
INSERT INTO ATTRIBUTES (ATTR_ID,OBJECT_ID,VALUE,DATE_VALUE,LIST_VALUE_ID) VALUES (66,705,'Excellent work. Thanks!',NULL,NULL);
INSERT INTO ATTRIBUTES (ATTR_ID,OBJECT_ID,VALUE,DATE_VALUE,LIST_VALUE_ID) VALUES (67,705,NULL,'17.02.2018',NULL);
INSERT INTO OBJREFERENCE (ATTR_ID,OBJECT_ID,REFERENCE) VALUES (68,705,34);
INSERT INTO OBJREFERENCE (ATTR_ID,OBJECT_ID,REFERENCE) VALUES (69,705,305);

INSERT INTO OBJECTS (OBJECT_ID,PARENT_ID,OBJECT_TYPE_ID,NAME,DESCRIPTION,OBJECT_VERSION) VALUES (706,NULL,9,'Comment8',NULL,1);
INSERT INTO ATTRIBUTES (ATTR_ID,OBJECT_ID,VALUE,DATE_VALUE,LIST_VALUE_ID) VALUES (66,706,'Will you be in time for the evening?',NULL,NULL);
INSERT INTO ATTRIBUTES (ATTR_ID,OBJECT_ID,VALUE,DATE_VALUE,LIST_VALUE_ID) VALUES (67,706,NULL,'11.02.2018',NULL);
INSERT INTO OBJREFERENCE (ATTR_ID,OBJECT_ID,REFERENCE) VALUES (68,706,4);
INSERT INTO OBJREFERENCE (ATTR_ID,OBJECT_ID,REFERENCE) VALUES (69,706,306);

INSERT INTO OBJECTS (OBJECT_ID,PARENT_ID,OBJECT_TYPE_ID,NAME,DESCRIPTION,OBJECT_VERSION) VALUES (707,NULL,9,'Comment9',NULL,1);
INSERT INTO ATTRIBUTES (ATTR_ID,OBJECT_ID,VALUE,DATE_VALUE,LIST_VALUE_ID) VALUES (66,707,'You never did the promised. Fired!',NULL,NULL);
INSERT INTO ATTRIBUTES (ATTR_ID,OBJECT_ID,VALUE,DATE_VALUE,LIST_VALUE_ID) VALUES (67,707,NULL,'18.01.2018',NULL);
INSERT INTO OBJREFERENCE (ATTR_ID,OBJECT_ID,REFERENCE) VALUES (68,707,34);
INSERT INTO OBJREFERENCE (ATTR_ID,OBJECT_ID,REFERENCE) VALUES (69,707,307);


INSERT INTO OBJECTS (OBJECT_ID,PARENT_ID,OBJECT_TYPE_ID,NAME,DESCRIPTION,OBJECT_VERSION) VALUES (708,NULL,9,'Comment10',NULL,1);
INSERT INTO ATTRIBUTES (ATTR_ID,OBJECT_ID,VALUE,DATE_VALUE,LIST_VALUE_ID) VALUES (66,708,'I hope you will quickly close this task?',NULL,NULL);
INSERT INTO ATTRIBUTES (ATTR_ID,OBJECT_ID,VALUE,DATE_VALUE,LIST_VALUE_ID) VALUES (67,708,NULL,'28.01.2018',NULL);
INSERT INTO OBJREFERENCE (ATTR_ID,OBJECT_ID,REFERENCE) VALUES (68,708,4);
INSERT INTO OBJREFERENCE (ATTR_ID,OBJECT_ID,REFERENCE) VALUES (69,708,308);


INSERT INTO OBJECTS (OBJECT_ID,PARENT_ID,OBJECT_TYPE_ID,NAME,DESCRIPTION,OBJECT_VERSION) VALUES (709,NULL,9,'Comment11',NULL,1);
INSERT INTO ATTRIBUTES (ATTR_ID,OBJECT_ID,VALUE,DATE_VALUE,LIST_VALUE_ID) VALUES (66,709,'You recovered?',NULL,NULL);
INSERT INTO ATTRIBUTES (ATTR_ID,OBJECT_ID,VALUE,DATE_VALUE,LIST_VALUE_ID) VALUES (67,709,NULL,'03.02.2018',NULL);
INSERT INTO OBJREFERENCE (ATTR_ID,OBJECT_ID,REFERENCE) VALUES (68,709,34);
INSERT INTO OBJREFERENCE (ATTR_ID,OBJECT_ID,REFERENCE) VALUES (69,709,309);

INSERT INTO OBJECTS (OBJECT_ID,PARENT_ID,OBJECT_TYPE_ID,NAME,DESCRIPTION,OBJECT_VERSION) VALUES (710,NULL,9,'Comment12',NULL,1);
INSERT INTO ATTRIBUTES (ATTR_ID,OBJECT_ID,VALUE,DATE_VALUE,LIST_VALUE_ID) VALUES (66,710,'The customer changed the contents of the task!',NULL,NULL);
INSERT INTO ATTRIBUTES (ATTR_ID,OBJECT_ID,VALUE,DATE_VALUE,LIST_VALUE_ID) VALUES (67,710,NULL,'18.01.2018',NULL);
INSERT INTO OBJREFERENCE (ATTR_ID,OBJECT_ID,REFERENCE) VALUES (68,710,4);
INSERT INTO OBJREFERENCE (ATTR_ID,OBJECT_ID,REFERENCE) VALUES (69,710,310);


INSERT INTO OBJECTS (OBJECT_ID,PARENT_ID,OBJECT_TYPE_ID,NAME,DESCRIPTION,OBJECT_VERSION) VALUES (711,NULL,9,'Comment13',NULL,1);
INSERT INTO ATTRIBUTES (ATTR_ID,OBJECT_ID,VALUE,DATE_VALUE,LIST_VALUE_ID) VALUES (66,711,'We are concerned about your pace.',NULL,NULL);
INSERT INTO ATTRIBUTES (ATTR_ID,OBJECT_ID,VALUE,DATE_VALUE,LIST_VALUE_ID) VALUES (67,711,NULL,'13.02.2018',NULL);
INSERT INTO OBJREFERENCE (ATTR_ID,OBJECT_ID,REFERENCE) VALUES (68,711,34);
INSERT INTO OBJREFERENCE (ATTR_ID,OBJECT_ID,REFERENCE) VALUES (69,711,311);


INSERT INTO OBJECTS (OBJECT_ID,PARENT_ID,OBJECT_TYPE_ID,NAME,DESCRIPTION,OBJECT_VERSION) VALUES (712,NULL,9,'Comment14',NULL,1);
INSERT INTO ATTRIBUTES (ATTR_ID,OBJECT_ID,VALUE,DATE_VALUE,LIST_VALUE_ID) VALUES (66,712,'You lost all your wages.',NULL,NULL);
INSERT INTO ATTRIBUTES (ATTR_ID,OBJECT_ID,VALUE,DATE_VALUE,LIST_VALUE_ID) VALUES (67,712,NULL,'18.02.2018',NULL);
INSERT INTO OBJREFERENCE (ATTR_ID,OBJECT_ID,REFERENCE) VALUES (68,712,4);
INSERT INTO OBJREFERENCE (ATTR_ID,OBJECT_ID,REFERENCE) VALUES (69,712,312);


INSERT INTO OBJECTS (OBJECT_ID,PARENT_ID,OBJECT_TYPE_ID,NAME,DESCRIPTION,OBJECT_VERSION) VALUES (713,NULL,9,'Comment15',NULL,1);
INSERT INTO ATTRIBUTES (ATTR_ID,OBJECT_ID,VALUE,DATE_VALUE,LIST_VALUE_ID) VALUES (66,713,'On the weekend to refine the task.',NULL,NULL);
INSERT INTO ATTRIBUTES (ATTR_ID,OBJECT_ID,VALUE,DATE_VALUE,LIST_VALUE_ID) VALUES (67,713,NULL,'17.02.2018',NULL);
INSERT INTO OBJREFERENCE (ATTR_ID,OBJECT_ID,REFERENCE) VALUES (68,713,34);
INSERT INTO OBJREFERENCE (ATTR_ID,OBJECT_ID,REFERENCE) VALUES (69,713,313);


INSERT INTO OBJECTS (OBJECT_ID,PARENT_ID,OBJECT_TYPE_ID,NAME,DESCRIPTION,OBJECT_VERSION) VALUES (714,NULL,9,'Comment16',NULL,1);
INSERT INTO ATTRIBUTES (ATTR_ID,OBJECT_ID,VALUE,DATE_VALUE,LIST_VALUE_ID) VALUES (66,714,'We want to raise you to a position.',NULL,NULL);
INSERT INTO ATTRIBUTES (ATTR_ID,OBJECT_ID,VALUE,DATE_VALUE,LIST_VALUE_ID) VALUES (67,714,NULL,'10.02.2018',NULL);
INSERT INTO OBJREFERENCE (ATTR_ID,OBJECT_ID,REFERENCE) VALUES (68,714,4);
INSERT INTO OBJREFERENCE (ATTR_ID,OBJECT_ID,REFERENCE) VALUES (69,714,314);

INSERT INTO OBJECTS (OBJECT_ID,PARENT_ID,OBJECT_TYPE_ID,NAME,DESCRIPTION,OBJECT_VERSION) VALUES (715,NULL,9,'Comment17',NULL,1);
INSERT INTO ATTRIBUTES (ATTR_ID,OBJECT_ID,VALUE,DATE_VALUE,LIST_VALUE_ID) VALUES (66,715,'I myself? bad.',NULL,NULL);
INSERT INTO ATTRIBUTES (ATTR_ID,OBJECT_ID,VALUE,DATE_VALUE,LIST_VALUE_ID) VALUES (67,715,NULL,'22.02.2018',NULL);
INSERT INTO OBJREFERENCE (ATTR_ID,OBJECT_ID,REFERENCE) VALUES (68,715,34);
INSERT INTO OBJREFERENCE (ATTR_ID,OBJECT_ID,REFERENCE) VALUES (69,715,315);